-- MySQL dump 10.13  Distrib 8.0.25, for Win64 (x86_64)
--
-- Host: 127.0.0.1    Database: evaluation
-- ------------------------------------------------------
-- Server version	8.0.23

/*!40101 SET @OLD_CHARACTER_SET_CLIENT=@@CHARACTER_SET_CLIENT */;
/*!40101 SET @OLD_CHARACTER_SET_RESULTS=@@CHARACTER_SET_RESULTS */;
/*!40101 SET @OLD_COLLATION_CONNECTION=@@COLLATION_CONNECTION */;
/*!50503 SET NAMES utf8 */;
/*!40103 SET @OLD_TIME_ZONE=@@TIME_ZONE */;
/*!40103 SET TIME_ZONE='+00:00' */;
/*!40014 SET @OLD_UNIQUE_CHECKS=@@UNIQUE_CHECKS, UNIQUE_CHECKS=0 */;
/*!40014 SET @OLD_FOREIGN_KEY_CHECKS=@@FOREIGN_KEY_CHECKS, FOREIGN_KEY_CHECKS=0 */;
/*!40101 SET @OLD_SQL_MODE=@@SQL_MODE, SQL_MODE='NO_AUTO_VALUE_ON_ZERO' */;
/*!40111 SET @OLD_SQL_NOTES=@@SQL_NOTES, SQL_NOTES=0 */;
CREATE SCHEMA `evaluation`;
USE `evaluation`;
--
-- Table structure for table `answers`
--

DROP TABLE IF EXISTS `answers`;
/*!40101 SET @saved_cs_client     = @@character_set_client */;
/*!50503 SET character_set_client = utf8mb4 */;
CREATE TABLE `answers` (
  `IDa` int NOT NULL AUTO_INCREMENT,
  `IDq` int NOT NULL,
  `answer` varchar(150) CHARACTER SET utf8mb4 COLLATE utf8mb4_0900_ai_ci NOT NULL,
  `correct` tinyint(1) unsigned zerofill DEFAULT NULL,
  `image_a` longblob,
  PRIMARY KEY (`IDa`),
  KEY `IDq_idx` (`IDq`),
  CONSTRAINT `IDq` FOREIGN KEY (`IDq`) REFERENCES `questions` (`IDq`)
) ENGINE=InnoDB AUTO_INCREMENT=1172 DEFAULT CHARSET=utf8mb4 COLLATE=utf8mb4_general_ci;
/*!40101 SET character_set_client = @saved_cs_client */;

--
-- Dumping data for table `answers`
--

LOCK TABLES `answers` WRITE;
/*!40000 ALTER TABLE `answers` DISABLE KEYS */;
INSERT INTO `answers` VALUES (1,1,'20',0,NULL),(2,1,'2',0,NULL),(3,1,'5',0,NULL),(4,1,'4',1,NULL),(5,2,'Χαλκό',0,NULL),(6,2,'Ασήμι',0,NULL),(7,2,'Μόλυβδο',1,NULL),(8,2,'Χρυσάφι',0,NULL),(9,3,'Όλες σε σειρά',0,NULL),(10,3,'Όλες παράλληλα',0,NULL),(11,3,'Ανά δυο σε σειρά και μεταξύ τους παράλληλα',1,NULL),(12,3,'Κάθετα',0,NULL),(13,4,'60Α',0,NULL),(14,4,'80Α',0,NULL),(15,4,'55Α',0,NULL),(16,4,'100Α',1,NULL),(17,5,'2',1,NULL),(18,5,'5',0,NULL),(19,5,'10',0,NULL),(20,5,'7',0,NULL),(21,6,'1',0,NULL),(22,6,'5',0,NULL),(23,6,'3',0,NULL),(24,6,'2',1,NULL),(25,7,'1/10',1,NULL),(26,7,'3/10',0,NULL),(27,7,'1/20',0,NULL),(28,7,'1/2',0,NULL),(29,8,'1/20',1,NULL),(30,8,'3/10',0,NULL),(31,8,'1/10',0,NULL),(32,8,'1/2',0,NULL),(33,9,'100Α',0,NULL),(34,9,'60Α',0,NULL),(35,9,'35Α',0,NULL),(36,9,'30Α',1,NULL),(37,10,'10',0,NULL),(38,10,'20',0,NULL),(39,10,'6',1,NULL),(40,10,'4',0,NULL),(41,11,'50V',0,NULL),(42,11,'48V',0,NULL),(43,11,'24V',1,NULL),(44,11,'30V',0,NULL),(45,12,'30V',0,NULL),(46,12,'48V',0,NULL),(47,12,'24V',1,NULL),(48,12,'30V',0,NULL),(49,13,'Ίδια χωρητικότητα',1,NULL),(50,13,'Ίδια τάση',0,NULL),(51,13,'Ίδιο μέγεθος',0,NULL),(52,13,'Ίδιο σχήμα',0,NULL),(53,14,'Ίδια χωρητικότητα',0,NULL),(54,14,'Ίδια τάση',1,NULL),(55,14,'Ίδιο μέγεθος',0,NULL),(56,14,'Ίδιο σχήμα',0,NULL),(57,15,'Υγρού τύπου',0,NULL),(58,15,'Ξηρού τύπου',0,NULL),(59,15,'Μαλακού τύπου',0,NULL),(60,15,'Τα (α) και (β).',1,NULL),(61,16,'1935',1,NULL),(62,16,'1450',0,NULL),(63,16,'1825',0,NULL),(64,16,'1700',0,NULL),(65,17,'Νερό',0,NULL),(66,17,'Λάδι',0,NULL),(67,17,'Βενζίνη',0,NULL),(68,17,'Αποσταγμένο νερό',1,NULL),(69,18,'1275-1250',1,NULL),(70,18,'1400-1935',0,NULL),(71,18,'1500-1600',0,NULL),(72,18,'1800-1950',0,NULL),(73,19,'12V',1,NULL),(74,19,'24V',0,NULL),(75,19,'48V',0,NULL),(76,19,'50V',0,NULL),(77,20,'2',1,NULL),(78,20,'4',0,NULL),(79,20,'5',0,NULL),(80,20,'6',0,NULL),(81,21,'Σε σειρά',0,NULL),(82,21,'Παράλληλα',0,NULL),(83,21,'Κάθετα',0,NULL),(84,21,'Τα (α) και (β).',1,NULL),(85,22,'5',0,NULL),(86,22,'6',0,NULL),(87,22,'7',0,NULL),(88,22,'4',1,NULL),(89,23,'12V',0,NULL),(90,23,'24V',1,NULL),(91,23,'48V',0,NULL),(92,23,'56V',0,NULL),(93,24,'Η τάση',1,NULL),(94,24,'Η χωρητικότητα',0,NULL),(95,24,'Η ισχύς',0,NULL),(96,24,'Όλα τα παραπάνω',0,NULL),(97,25,'Η τάση',0,NULL),(98,25,'Η χωρητικότητα',1,NULL),(99,25,'Η ισχύς',0,NULL),(100,25,'Η ροπή',0,NULL),(101,26,'Θειικό οξύ',1,NULL),(102,26,'Άνθρακας',0,NULL),(103,26,'Κιτρικό οξύ',0,NULL),(104,26,'Όλα τα παραπάνω',0,NULL),(105,27,'1280-1290',1,NULL),(106,27,'1300-1400',0,NULL),(107,27,'1800-1900',0,NULL),(108,27,'1150-1169',0,NULL),(109,28,'27°C',1,NULL),(110,28,'80°F',0,NULL),(111,28,'30°C',0,NULL),(112,28,'35°C',0,NULL),(113,29,'Στο βιβλίο Εφόδων',0,NULL),(114,29,'Σε ένα χαρτί',0,NULL),(115,29,'Στο βιβλίο Επαναφορτίσεως Συσσωρευτών',1,NULL),(116,29,'Τίποτα από τα παραπάνω',0,NULL),(117,30,'12V',1,NULL),(118,30,'48V',0,NULL),(119,30,'56V',0,NULL),(120,30,'24V',0,NULL),(121,31,'Παράλληλα',0,NULL),(122,31,'Κάθετα',0,NULL),(123,31,'Σε σειρά',1,NULL),(124,31,'Όλα τα παραπάνω',0,NULL),(125,32,'Πλαστικό',0,NULL),(126,32,'Ξυλοκάρβουνο',0,NULL),(127,32,'Σίδερο',0,NULL),(128,32,'Τίποτα από τα παραπάνω',1,NULL),(129,33,'24V',0,NULL),(130,33,'44V',0,NULL),(131,33,'72V',1,NULL),(132,33,'56V',0,NULL),(133,34,'24V',0,NULL),(134,34,'72V',0,NULL),(135,34,'44V',0,NULL),(136,34,'12V',1,NULL),(137,35,'2 νερό – 3 οξύ',0,NULL),(138,35,'3 νερό – 2 οξύ',1,NULL),(139,35,'5 νερό – 3 οξύ',0,NULL),(140,35,'Όλα τα παραπάνω',0,NULL),(141,36,'Καθημερινά',1,NULL),(142,36,'Εβδομαδιαία',0,NULL),(143,36,'Μηνιαία',0,NULL),(144,36,'Όλα τα παραπάνω',0,NULL),(145,37,'3cm',0,NULL),(146,37,'1cm',1,NULL),(147,37,'2cm',0,NULL),(148,37,'Όλα τα παραπάνω',0,NULL),(149,38,'Καθαρότητα',0,NULL),(150,38,'Φθορά όπλων',0,NULL),(151,38,'Ρωγμές',0,NULL),(152,38,'Όλα τα παραπάνω',1,NULL),(153,39,'Συμπληρώνουμε με νερό',0,NULL),(154,39,'Συμπληρώνουμε με απιονισμένο νερό',1,NULL),(155,39,'Συμπληρώνουμε με ηλεκτρολύτη',0,NULL),(156,39,'Τίποτα από τα παραπάνω',0,NULL),(157,40,'60V',1,NULL),(158,40,'35V',0,NULL),(159,40,'40V',0,NULL),(160,40,'Όλα τα παραπάνω',0,NULL),(161,41,'100ΑΗ',1,NULL),(162,41,'70ΑΗ',0,NULL),(163,41,'45ΑΗ',0,NULL),(164,41,'Τίποτα από τα παραπάνω',0,NULL),(165,42,'Αντικαθιστούμε τον πόλο με καινούριο',0,NULL),(166,42,'Αλλάζουμε ολόκληρο τον συσσωρευτή',0,NULL),(167,42,'Κάνουμε αναπόλωση',1,NULL),(168,42,'Τίποτα από τα παραπάνω',0,NULL),(169,43,'Συνδέουμε το θετικό πόλο του ενός με τον αρνητικό του άλλου συσσωρευτή και τους συνδέουμε στο κύκλωμα.',1,NULL),(170,43,'Συνδέουμε τον θετικό του ενός με τον θετικό πόλο του άλλου',0,NULL),(171,43,'Τίποτα από τα παραπάνω',0,NULL),(172,43,'Όλα τα παραπάνω',0,NULL),(173,44,'Συνδέουμε τους θετικούς και αρνητικούς πόλους των συσσωρευτών με το αντίστοιχο θετικό και αρνητικό του κυκλώματος;',1,NULL),(174,44,'Συνδέουμε τους θετικούς και αρνητικούς πόλους των συσσωρευτών μεταξύ τους',0,NULL),(175,44,'Τίποτα από τα παραπάνω',0,NULL),(176,44,'Όλα τα παραπάνω',0,NULL),(177,45,'Σε σειρά',1,NULL),(178,45,'Παράλληλα',0,NULL),(179,45,'Κάθετα',0,NULL),(180,45,'Όλα τα παραπάνω',0,NULL),(181,46,'Σε σειρά',0,NULL),(182,46,'Παράλληλα',1,NULL),(183,46,'Κάθετα',0,NULL),(184,46,'Τίποτα από τα παραπάνω',0,NULL),(185,47,'Εναλλασσόμενο',0,NULL),(186,47,'Συνεχές',1,NULL),(187,47,'Αυτόματο',0,NULL),(188,47,'Όλα τα παραπάνω',0,NULL),(189,48,'2',1,NULL),(190,48,'5',0,NULL),(191,48,'9',0,NULL),(192,48,'12',0,NULL),(193,49,'Εναλλασσόμενο',0,NULL),(194,49,'Συνεχές',0,NULL),(195,49,'Αυτόματο',0,NULL),(196,49,'Τα (α) και (β)',1,NULL),(197,50,'Εναλλασσόμενο',0,NULL),(198,50,'Συνεχές',1,NULL),(199,50,'Αυτόματο',0,NULL),(200,50,'Τα (α) και (β)',0,NULL),(201,51,'α. Ηλεκτρονίων',1,NULL),(202,51,'β. Νετρονίων',0,NULL),(203,51,'γ. Πρωτονίων',0,NULL),(204,51,'δ. Όλα τα παραπάνω',0,NULL),(205,52,'α. Τον θετικό',1,NULL),(206,52,'β. Τον αρνητικό',0,NULL),(207,52,'γ. Τον ουδέτερο',0,NULL),(208,52,'δ. Τίποτα από τα παραπάνω',0,NULL),(209,53,'α. Συνδέουμε την γείωση',0,NULL),(210,53,'β. Βάφουμε τις μπαταρίες',0,NULL),(211,53,'γ. Συνδέουμε τις γέφυρες',1,NULL),(212,53,'δ. Τίποτα από τα παραπάνω',0,NULL),(213,54,'α. Συνδέουμε τον θετικό πόλο',0,NULL),(214,54,'β. Συνδέουμε τις γέφυρες',0,NULL),(215,54,'γ. Γειώνουμε τις μπαταρίες',1,NULL),(216,54,'δ. Τίποτα από τα παραπάνω',0,NULL),(217,55,'α. Κόκκινο',1,NULL),(218,55,'β. Μαύρο',0,NULL),(219,55,'γ. Μπλε',0,NULL),(220,55,'δ. Πορτοκαλί',0,NULL),(221,56,'α. Θετικό',1,NULL),(222,56,'β. Αρνητικό',0,NULL),(223,56,'γ. Ουδέτερο',0,NULL),(224,56,'δ. Τίποτα από τα παραπάνω',0,NULL),(225,57,'α. Θετικά φορτισμένα ηλεκτρόνια',0,NULL),(226,57,'β. Αρνητικά φορτισμένα ηλεκτρόνια',1,NULL),(227,57,'γ. Τίποτα από τα παραπάνω',0,NULL),(228,57,'δ. Όλα τα παραπάνω',0,NULL),(229,58,'α. Μπλε',0,NULL),(230,58,'β. Κόκκινο',0,NULL),(231,58,'γ. Μαύρο',1,NULL),(232,58,'δ. Καφέ',0,NULL),(233,59,'α. Ουδέτερο',0,NULL),(234,59,'β. Αρνητικό',1,NULL),(235,59,'γ. Θετικό',0,NULL),(236,59,'δ. Το (α) και (β)',0,NULL),(237,60,'α. Ακουμπώντας το θετικό πόλο μιας μπαταρίας',0,NULL),(238,60,'β. Ακουμπώντας σε ένα μεταλλικό μέρος του άρματος το οποίο δεν έχει χρώμα',1,NULL),(239,60,'γ. Ακουμπώντας ένα πλαστικό κάθισμα',0,NULL),(240,60,'δ. Όλα τα παραπάνω',0,NULL),(241,61,'α. Αρνητικό',1,NULL),(242,61,'β. Θετικό',0,NULL),(243,61,'γ. Τίποτα από τα παραπάνω',0,NULL),(244,61,'δ. Όλα τα παραπάνω',0,NULL),(245,62,'α. Γεώτρηση',0,NULL),(246,62,'β. Αναπόλωση',0,NULL),(247,62,'γ. Γείωση',1,NULL),(248,62,'δ. Τίποτα από τα παραπάνω',0,NULL),(249,63,'α. Θετικό με θετικό',0,NULL),(250,63,'β. Αρνητικό με αρνητικό',0,NULL),(251,63,'γ. Θετικό με αρνητικό',1,NULL),(252,63,'δ. Τίποτα από τα παραπάνω',0,NULL),(253,64,'α. 2',0,NULL),(254,64,'β. 3',0,NULL),(255,64,'γ. 5',0,NULL),(256,64,'δ. 4',1,NULL),(257,65,'α. 4',0,NULL),(258,65,'β. 5',0,NULL),(259,65,'γ. 2',1,NULL),(260,65,'δ. Τίποτα από τα παραπάνω',0,NULL),(261,66,'α. Αντικαθιστούμε το καλώδιο ή την καλωδίωση',0,NULL),(262,66,'β. Επιδιορθώνουμε το καλώδιο ή την καλωδίωση',0,NULL),(263,66,'γ. Τίποτα από τα παραπάνω',0,NULL),(264,66,'δ. Όλα τα παραπάνω',1,NULL),(265,67,'α. Επιδιορθώνουμε τις ενώσεις',1,NULL),(266,67,'β. Αλλάζουμε τους συσσωρευτές',0,NULL),(267,67,'γ. Κόβουμε την ένωση',0,NULL),(268,67,'δ. Τίποτα από τα παραπάνω',0,NULL),(269,68,'α. Επιδιορθώνουμε τα εξαρτήματα',0,NULL),(270,68,'β. Αντικαθιστούμε τα εξαρτήματα',1,NULL),(271,68,'γ. Τα (α) και (β)',0,NULL),(272,68,'δ. Τίποτα από τα παραπάνω',0,NULL),(273,69,'α. Τον εκκινητήρα',0,NULL),(274,69,'β. Τη γεννήτρια',0,NULL),(275,69,'γ. Τον κύριο ηλεκτρονόμο',1,NULL),(276,69,'δ. Τίποτα από τα παραπάνω',0,NULL),(277,70,'α. Να παίρνει εύκολα μπροστά το άρμα',0,NULL),(278,70,'β. Να μην τίθεται σε λειτουργία ο κινητήρας αν υπάρχει ταχύτητα',1,NULL),(279,70,'γ. Να μην τίθεται σε λειτουργία η γεννήτρια',0,NULL),(280,70,'δ. Όλα τα παραπάνω',0,NULL),(281,71,'α. Στις μπαταρίες',0,NULL),(282,71,'β. Στους φυσητήρες',0,NULL),(283,71,'γ. Στο σύστημα του εκκινητήρα',1,NULL),(284,71,'δ. Τίποτα από τα παραπάνω',0,NULL),(285,72,'α. Κλείνοντας τον γενικό διακόπτη (master)',1,NULL),(286,72,'β. Βάζοντας ταχύτητα',0,NULL),(287,72,'γ. Τίποτα από τα παραπάνω',0,NULL),(288,72,'δ. Όλα τα παραπάνω',0,NULL),(289,73,'1/25',0,NULL),(290,73,'1/20',0,NULL),(291,73,'1/30',0,NULL),(292,73,'1/10',1,NULL),(293,74,'α. Από χημική σε κινητική',0,NULL),(294,74,'β. Από κινητική σε ηλεκτρική',0,NULL),(295,74,'γ. Από ηλεκτρική σε κινητική',1,NULL),(296,74,'δ. Τίποτα από τα παραπάνω',0,NULL),(297,75,'α. Από θερμική σε χημική',0,NULL),(298,75,'β. Από κινητική σε ηλεκτρική',1,NULL),(299,75,'γ. Από ηλεκτρική σε κινητική',0,NULL),(300,75,'δ. Τίποτα από τα παραπάνω',0,NULL),(301,76,'α. Ελέγχουμε για τυχόν χαλάρωση των ενώσεων',0,NULL),(302,76,'β. Ελέγχουμε για τυχόν ρωγμές των καλωδίων',0,NULL),(303,76,'γ. Προβαίνουμε σε διόρθωση ή αντικατάσταση',0,NULL),(304,76,'δ. Όλα τα παραπάνω',1,NULL),(305,77,'α. Ανά τρίμηνο ή ετησίως',0,NULL),(306,77,'β. Ανά 750 μίλια ή 75 ώρες λειτουργίας',0,NULL),(307,77,'γ. Ανά τρίμηνο',0,NULL),(308,77,'δ. Τα (α) και (β)',1,NULL),(309,78,'α. Ρυθμίσεις, καθαρισμός, ειδική λίπανση',0,NULL),(310,78,'β. Συντήρηση, συσφίξεις, επιδιορθώσεις',0,NULL),(311,78,'γ. Τίποτα από τα παραπάνω',0,NULL),(312,78,'δ. Όλα τα παραπάνω',1,NULL),(313,79,'α. Ψήκτρες',0,NULL),(314,79,'β. Πομπίνα',0,NULL),(315,79,'γ. Ρουλεμάν',0,NULL),(316,79,'δ. Όλα τα παραπάνω',1,NULL),(317,80,'α. Με πιεσόμετρο',0,NULL),(318,80,'β. Πυκνόμετρο',0,NULL),(319,80,'γ. Με πολύμετρο',1,NULL),(320,80,'δ. Όλα τα παραπάνω',0,NULL),(321,81,'α. Με πιεσόμετρο',0,NULL),(322,81,'β. Με πυκνόμετρο',0,NULL),(323,81,'γ. Με ειδικό εργοστασιακό μηχάνημα',1,NULL),(324,81,'δ. Τίποτα από τα παραπάνω',0,NULL),(325,82,'α. Πίεση',0,NULL),(326,82,'β. Πυκνότητα',0,NULL),(327,82,'γ. Τάση',1,NULL),(328,82,'δ. Τίποτα από τα παραπάνω',0,NULL),(329,83,'α. Χαλασμένος εκκεντροφόρος',0,NULL),(330,83,'β. Ψύκτρες',1,NULL),(331,83,'γ. Τα (α) και (β)',0,NULL),(332,83,'δ. Τίποτα από τα παραπάνω',0,NULL),(333,84,'α. Να κινεί το άρμα',0,NULL),(334,84,'β. Να προστατεύει την γεννήτρια από παράσιτα',1,NULL),(335,84,'γ. Κρατάει σταθερή την τάση της γεννήτριας',0,NULL),(336,84,'δ. Τίποτα από τα παραπάνω',0,NULL),(337,85,'α. Η πομπίνα',0,NULL),(338,85,'β. Η μίζα',0,NULL),(339,85,'γ. Ο αυτόματος',0,NULL),(340,85,'δ. Ο πυκνωτής',1,NULL),(341,86,'α. Ρυθμίζει την τάση και την ένταση',1,NULL),(342,86,'β. Κρατάει σταθερή την πίεση του ελαίου',0,NULL),(343,86,'γ. Προστατεύει από παράσιτα',0,NULL),(344,86,'δ. Τίποτα από τα παραπάνω',0,NULL),(345,87,'α. Ο εκκινητήρας',0,NULL),(346,87,'β. Η γεννήτρια',0,NULL),(347,87,'γ. Ο αυτόματος ρυθμιστής',1,NULL),(348,87,'δ. Ο γενικός ηλεκτρονόμος',0,NULL),(349,88,'α. Γίνονται οι διαβαθμίσεις του ρεύματος',1,NULL),(350,88,'β. Κρατάει σταθερή την πίεση πετρελαίου',0,NULL),(351,88,'γ. Αποθηκεύουν ενέργεια',0,NULL),(352,88,'δ. Τίποτα από τα παραπάνω',0,NULL),(353,89,'α. Μετατρέπει την ηλεκτρική σε μηχανική ενέργεια',1,NULL),(354,89,'β. Αποθηκεύει ηλεκτρική ενέργεια',0,NULL),(355,89,'γ. Τίποτα από τα παραπάνω',0,NULL),(356,89,'δ. Όλα τα παραπάνω',0,NULL),(357,90,'α. Την αντικαθιστούμε',0,NULL),(358,90,'β. Καθαρίζουμε τις ψύκτρες',0,NULL),(359,90,'γ. Αντικαθιστούμε τα καρβουνάκια',0,NULL),(360,90,'δ. Όλα τα παραπάνω',1,NULL),(361,91,'α. Όταν δεν τίθεται σε λειτουργία το άρμα',0,NULL),(362,91,'β. Όταν δεν λειτουργεί η μίζα',0,NULL),(363,91,'γ. Όταν διαπιστωθεί ότι δεν έχουμε φόρτιση από αυτήν',1,NULL),(364,91,'δ. Τίποτα από τα παραπάνω',0,NULL),(365,92,'α. Αυτόματα ',1,NULL),(366,92,'β. Μέσω του εκκινητήρα',0,NULL),(367,92,'γ. Μέσω του ιμάντα',0,NULL),(368,92,'δ. Τίποτα από τα παραπάνω',0,NULL),(369,93,'α. Από τον εκκινητήρα',0,NULL),(370,93,'β. Από τον στροφαλοφόρο άξονα',0,NULL),(371,93,'γ. από τους συσσωρευτές',1,NULL),(372,93,'δ. Τίποτα από τα παραπάνω',0,NULL),(373,94,'α. Τον εκκινητήρα',0,NULL),(374,94,'β. Τον εκκεντροφόρο άξονα',0,NULL),(375,94,'γ. Τον αυτόματο ρυθμιστή',1,NULL),(376,94,'δ. Τίποτα από τα παραπάνω',0,NULL),(377,95,'α. Τον στροφαλοφόρο άξονα',0,NULL),(378,95,'β. Τον αυτόματο ρυθμιστή',1,NULL),(379,95,'γ. Τον εκκινητήρα',0,NULL),(380,95,'δ. Τίποτα από τα παραπάνω',0,NULL),(381,96,'α. Με καυστήρα πετρελαίου',1,NULL),(382,96,'β. Με ρεύμα',0,NULL),(383,96,'γ. Με πίεση ελαίου',0,NULL),(384,96,'δ. Τίποτα από τα παραπάνω',0,NULL),(385,97,'α. Να προστατεύει από παράσιτα',0,NULL),(386,97,'β. Να διοχετεύει ζεστό αέρα',1,NULL),(387,97,'γ. Να προστατεύει από υπερφόρτιση',0,NULL),(388,97,'δ. Τίποτα από τα παραπάνω',0,NULL),(389,98,'α. Θερμαίνει τις ερπύστριες',0,NULL),(390,98,'β. Προθέρμανση του ελαίου του κινητήρα σε πολύ χαμηλές θερμοκρασίες',1,NULL),(391,98,'γ. Τίποτα από τα παραπάνω',0,NULL),(392,98,'δ. Όλα τα παραπάνω',0,NULL),(393,99,'α. Μέσω γραναζιών',0,NULL),(394,99,'β. Μέσω πηνίων',0,NULL),(395,99,'γ. Μέσω ψυκτρών που καίνε',1,NULL),(396,99,'δ. Τίποτα από τα παραπάνω',0,NULL),(397,100,'α. Καθαρίζουν την καμπίνα του σκάφους',0,NULL),(398,100,'β. Βοηθούν στην κίνηση',0,NULL),(399,100,'γ. Εκβάλουν τη σκόνη από το χώρο των φίλτρων για να μην μπουκώνει το άρμα',1,NULL),(400,100,'δ. Τίποτα από τα παραπάνω',0,NULL),(401,101,'α. 13 ν',0,NULL),(402,101,'β. 14ν',0,NULL),(403,101,'γ. 12ν',1,NULL),(404,101,'δ. 10ν',0,NULL),(405,102,'α. 25ν – 27ν',0,NULL),(406,102,'β. 27,9ν-28,6ν',0,NULL),(407,102,'γ. 30ν-34ν',1,NULL),(408,102,'δ. Τίποτα από τα παραπάνω',0,NULL),(409,103,'α. 28,6ν',0,NULL),(410,103,'β. 27,3ν-27,5ν',1,NULL),(411,103,'γ. 24ν-26ν',0,NULL),(412,103,'δ. 39ν',0,NULL),(413,104,'α. Χαμηλή ένδειξη τάσης ',1,NULL),(414,104,'β. Φθορά των πόλων',0,NULL),(415,104,'γ. Τίποτα από τα παραπάνω',0,NULL),(416,104,'δ. Όλα τα παραπάνω',0,NULL),(417,105,'α. 5-7 ώρες ',0,NULL),(418,105,'β. 4-6 ώρες',1,NULL),(419,105,'γ. 9-10 ώρες',0,NULL),(420,105,'δ. Τίποτα από τα παραπάνω',0,NULL),(421,106,'α. Ενώνουμε το θετικό με το αρνητικό φορτίο.',1,NULL),(422,106,'β. Θέτουμε σε λειτουργία τον κινητήρα.',0,NULL),(423,106,'γ. Τίποτα από τα παραπάνω',0,NULL),(424,106,'δ. Όλα τα παραπάνω',0,NULL),(425,107,'α. Άμεση επαναφόρτιση αυτών.',0,NULL),(426,107,'β. Πιθανή ένδειξη',1,NULL),(427,107,'γ. Τίποτα από τα παραπάνω',0,NULL),(428,107,'δ. Όλα τα παραπάνω',0,NULL),(429,108,'α. Η γραμμή',1,NULL),(430,108,'β. ο εκκινητήρας ',0,NULL),(431,108,'γ. Τίποτα από τα παραπάνω',0,NULL),(432,108,'δ. Όλα τα παραπάνω',0,NULL),(433,109,'α. Χαλασμένο πηνίο',0,NULL),(434,109,'β. Θθαρμένες επαφές ',0,NULL),(435,109,'γ. Κακή γείωση',0,NULL),(436,109,'δ. Όλα τα παραπάνω',1,NULL),(437,110,'α. Με ιμάντα',0,NULL),(438,110,'β. Με γρανάζι',1,NULL),(439,110,'γ. Με αλυσίδα',0,NULL),(440,110,'δ. Τίποτα από τα παραπάνω',0,NULL),(441,111,'α. Εναλλασσόμενο',0,NULL),(442,111,'β. Συνεχές ',1,NULL),(443,111,'γ. Ουδέτερο',0,NULL),(444,111,'δ. Τίποτα από τα παραπάνω',0,NULL),(445,112,'α. Την επιτάχυνση των πρωτονίων σε έναν αγωγό',0,NULL),(446,112,'β. Τον ρυθμό διέλευσης ηλεκτρικού φορτίου μέσα από έναν αγωγό',1,NULL),(447,112,'γ. Τίποτα από τα παραπάνω',0,NULL),(448,113,'α. Άσπρο',0,NULL),(449,113,'β. Κόκκινο',0,NULL),(450,113,'γ. Κίτρινο',0,NULL),(451,113,'δ. Δεν υπάρχει λαμπάκι',1,NULL),(452,114,'α. Φώτα ειρήνης ',0,NULL),(453,114,'β. Φώτα πολέμου',0,NULL),(454,114,'γ. Φώτα σκιάς ',0,NULL),(455,114,'δ. Το α και β',1,NULL),(456,115,'α. Χαλκό',1,NULL),(457,115,'β. Σίδηρο',0,NULL),(458,115,'γ. Ατσάλι',0,NULL),(459,115,'δ. Τίποτα από τα παραπάνω',0,NULL),(460,116,'α. Μεγαλύτερη τάση',0,NULL),(461,116,'β. Μεγαλύτερο ρεύμα',0,NULL),(462,116,'γ. Μεγαλύτερη ισχύ',1,NULL),(463,117,'α. Πρώτα τον εκκινητήρα',0,NULL),(464,117,'β. Πρώτα τον ενδιάμεσο ηλεκτρονόμο',0,NULL),(465,117,'γ. Πρώτα τον ηλεκτρονόμο του εκκινητήρα',0,NULL),(466,117,'δ. Πρώτα τους συσσωρευτές',1,NULL),(467,118,'α. Την ηλεκτρομαγνητική βαλβίδα πετρελαίου',0,NULL),(468,118,'β. Τον πολλαπλασιαστή τάσης',0,NULL),(469,118,'γ. Τον αναφλεκτήρα',0,NULL),(470,118,'δ. Όλα τα παραπάνω',1,NULL),(471,119,'α. Ελέγχουμε την γεννήτρια',1,NULL),(472,119,'β. Ελέγχουμε τον αυτόματο ρυθμιστή',0,NULL),(473,119,'γ. Ελέγχουμε τους ανορθωτές',0,NULL),(474,120,'α. Απ’ τον υδραυλικό διακόπτη του λαδιού του κινητήρα',1,NULL),(475,120,'β. Απ’ τους ηλεκτροκινητήρες φίλτρων καθαρισμού αέρος',0,NULL),(476,120,'γ. Από ξεχωριστό διακόπτη',0,NULL),(477,121,'α. Στην εισαγωγή του αέρα του κινητήρα',1,NULL),(478,121,'β. Στο χώρο καύσης του κινητήρα',0,NULL),(479,121,'γ. Δίπλα από το γενικό ηλεκτρονόμο.',0,NULL),(480,122,'α. Στο κιβώτιο ταχυτήτων',0,NULL),(481,122,'β. Πάνω στον άξονα του μοχλού ταχυτήτων',1,NULL),(482,122,'γ. Πίσω από τον πίνακα οργάνων του οδηγού',0,NULL),(483,123,'α. Της μίζας, όταν είναι εμπλεγμένη ταχύτητα στο κιβώτιο ταχυτήτων',1,NULL),(484,123,'β. Της μίζας, όταν δεν είναι εμπλεγμένη ταχύτητα στο κιβώτιο ταχυτήτων',0,NULL),(485,123,'γ. Όλα τα παραπάνω',0,NULL),(486,124,'α. Τηκόμενη και βρίσκεται δίπλα στον πίνακα οργάνων',0,NULL),(487,124,'β. Αυτόματη και βρίσκεται δίπλα στον πίνακα οργάνων',0,NULL),(488,124,'γ. Θερμική και βρίσκεται δίπλα στον πίνακα οργάνων',1,NULL),(489,125,'α. Ο μοχλός ταχυτήτων βρίσκεται σε θέση ταχύτητας',1,NULL),(490,125,'β. Καμένη ασφάλεια μίζας',0,NULL),(491,125,'γ. Η λυχνία του γενικού διακόπτη δεν ανάβει',0,NULL),(492,126,'α. Μαυρισμένες ή φθαρμένες επαφές ηλεκτρονόμου',1,NULL),(493,126,'β. Κομμένο καλώδιο μίζας',0,NULL),(494,126,'γ. Κακή γείωση της μίζας',0,NULL),(495,127,'α. Κατεστραμμένος ηλεκτρονόμος',0,NULL),(496,127,'β. Κατεστραμμένο γρανάζι του εκκινητήρα',1,NULL),(497,127,'γ. Υπάρχει ταχύτητα στο κιβώτιο ταχυτήτων',0,NULL),(498,128,'α. Γεννήτρια (ΑC), αυτόματο ρυθμιστή, βολτόμετρο',0,NULL),(499,128,'β. Γεννήτρια (DC), αυτόματο ρυθμιστή, βολτόμετρο',0,NULL),(500,128,'γ. Γεννήτρια (AC), αυτόματο ρυθμιστή, βολτόμετρο, υδραυλικό διακόπτη, ανορθωτή.',1,NULL),(501,129,'α. Μετατρέπει το συνεχές σε εναλλασσόμενο ρεύμα.',0,NULL),(502,129,'β. Δίνει συνεχές ρεύμα στη μίζα',0,NULL),(503,129,'γ. Μετατρέπει το εναλλασσόμενο σε συνεχές ρεύμα',1,NULL),(504,130,'α. Στη μίζα',0,NULL),(505,130,'β. Στη διέγερση της γεννήτριας',1,NULL),(506,130,'γ. Στον αυτόματο ρυθμιστή',0,NULL),(507,131,'α. Δίπλα στη μίζα',0,NULL),(508,131,'β. Πίσω από τον πίνακα του οδηγού',1,NULL),(509,131,'γ. Δίπλα στους κινητήρες φίλτρων αέρα',0,NULL),(510,132,'α. 24 volt',0,NULL),(511,132,'β. 30 volt',0,NULL),(512,132,'γ. 27,5 volt',1,NULL),(513,133,'α. έξι (6)',0,NULL),(514,133,'β. δυο (2)',0,NULL),(515,133,'γ. τέσσερις (4)',1,NULL),(516,134,'α. Να αποσυνδέουμε πρώτα τον αρνητικό ακροδέκτη και ύστερα το θετικό',1,NULL),(517,134,'β. Αποσυνδέουμε πρώτα το θετικό και ύστερα τον αρνητικό',0,NULL),(518,134,'γ. Οποίον εμείς θέλουμε',0,NULL),(519,135,'α. Εάν έχουν διαφορετική τάση, αλλά ίδια χωρητικότητα',1,NULL),(520,135,'β. Εάν έχουν διαφορετική τάση και ένταση',0,NULL),(521,135,'γ. Εάν έχουν ίδια τάση και διαφορετική ένταση',0,NULL),(522,136,'Πρέπει το πάνω μέρος του κεντρικού εδαφικού τροχού να απέχει από το κάτω μέρος της ερπύστριας περίπου 1/4 της ίντσας.',1,NULL),(523,136,'Πρέπει το πάνω μέρος του κεντρικού εδαφικού τροχού να απέχει από το κάτω μέρος της ερπύστριας περίπου 2/4 της ίντσας.',0,NULL),(524,136,'Πρέπει το πάνω μέρος του δεύτερου εδαφικού τροχού να απέχει από το κάτω μέρος της ερπύστριας περίπου 1/4 της ίντσας.',0,NULL),(525,137,'Όρθια',1,NULL),(526,137,'Πλαγίως',0,NULL),(527,137,'Δεν έχει σημασία ο τρόπος',0,NULL),(528,138,'Απεμπλοκή κινητήρα από κινητήριους εδαφικούς τροχούς.',0,NULL),(529,138,'Ταχύτητα «Ν» και τάκοι στο σταματημένο φορέα.',0,NULL),(530,138,'Αφαίρεση αγκίστρων και τοποθέτηση ράβδου ρυμουλκήσεως.',0,NULL),(531,138,'Τίποτα από τα παραπάνω.',0,NULL),(532,138,'Τα α, β και γ.',1,NULL),(533,139,'-Ταχύτητα στη θέση «Ν» και χειρόφρενο ασφαλισμένο.\n             	 		- Ανοίγουμε το γενικό διακόπτη (MASTER).\n              			- Πιέζουμε το διακόπτη ε',0,NULL),(534,139,'-Ταχύτητα στη θέση «Ν» και χειρόφρενο ασφαλισμένο.\n             			- Ανοίγουμε το γενικό διακόπτη (MASTER).\n              			- Ανοίγουμε το θερμαντήρα',0,NULL),(535,139,'-Ταχύτητα στη θέση «Ν» και χειρόφρενο ασφαλισμένο.\n             			- Ανοίγουμε το γενικό διακόπτη (MASTER).\n              			- Ανοίγουμε το διακόπτη π',1,NULL),(536,140,'Μέγιστη ταχύτητα είναι τα 35 ΜΑΩ προς τα εμπρός και 7 ΜΑΩ προς τα πίσω.',1,NULL),(537,140,'Μέγιστη ταχύτητα είναι τα 40 ΜΑΩ προς τα εμπρός και 8 ΜΑΩ προς τα πίσω.',0,NULL),(538,140,'Μέγιστη ταχύτητα είναι τα 35 ΜΑΩ προς τα εμπρός και 10 ΜΑΩ προς τα πίσω.',0,NULL),(539,141,'354 χλμ.',1,NULL),(540,141,'400 χλμ.',0,NULL),(541,141,'386χλμ',0,NULL),(542,142,'Προετοιμάζει με τον Νο 4 τα γεμίσματα, παραδίδει στον Νο 1 το γέμισμα',1,NULL),(543,142,'Προετοιμάζει με τον Νο 4 τους πυροσωλήνες',0,NULL),(544,142,'Προετοιμάζει με τον Νο 2 τα γεμίσματα, παραδίδει στον Νο 1 το βλήμα',0,NULL),(545,143,'Άνω των 1100 στρ/λεπτό   ',1,NULL),(546,143,'Άνω των 1600 στρ/λεπτό   ',0,NULL),(547,143,'Άνω των 1400 στρ/λεπτό ',0,NULL),(548,143,'Τίποτα από τα παραπάνω ',0,NULL),(549,144,'Φρενάρω αμέσως για να σταματήσει',0,NULL),(550,144,'Αφήνω να σταματήσει μόνο του χωρίς φρένο',1,NULL),(551,144,'Τίποτα από τα παραπάνω',0,NULL),(552,145,'511 λίτρα',1,NULL),(553,145,'411 λίτρα',0,NULL),(554,145,'1511 λίτρα',0,NULL),(555,146,'Στον 3ο εδαφικό από μπροστά.',1,NULL),(556,146,'Στον 4ο εδαφικό από μπροστά.',0,NULL),(557,146,'Στον 6ο εδαφικό από μπροστά.',0,NULL),(558,147,'Κάθε χρόνο',0,NULL),(559,147,'Κάθε 4ετία',0,NULL),(560,147,'Όταν έχει φθαρεί περισσότερο από το 1/3 του πάχους της ελαστικής επίστρωσης              ',1,NULL),(561,147,'Όταν έχει φθαρεί περισσότερο από τα 2/3 του πάχους της ελαστικής επίστρωσης',0,NULL),(562,148,'Στη νεκρά θέση.',0,NULL),(563,148,'Στη θέση Νεκρά (Ν) ',1,NULL),(564,148,'Στην 2η ταχύτητα ',0,NULL),(565,149,'Γυρίζουμε τον κύριο διακόπτη (MASTER) στη θέση ΟΝ\n       				Τοποθετούμε τον διακόπτη επιλογής θέρμανσης (HEAT SELECTOR) στην θέση LOW',1,NULL),(566,149,'Γυρίζουμε τον κύριο διακόπτη (MASTER) στη θέση ΟΝ\n       				Τοποθετούμε τον διακόπτη επιλογής θέρμανσης (HEAT SELECTOR) στην θέση HIGH',0,NULL),(567,149,'Γυρίζουμε τον κύριο διακόπτη (MASTER) στη θέση ΟΝ',0,NULL),(568,150,'Αφαιρούμε εντελώς το πώμα εξαερώσεως',0,NULL),(569,150,'Χαλαρώνουμε το πώμα εξαερώσεως αργά',0,NULL),(570,150,'Χαλαρώνουμε αργά το γρασσαδοράκι, έτσι ώστε να μην πεταχτεί και έχουμε τραυματισμό',1,NULL),(571,151,'25',1,NULL),(572,151,'26',0,NULL),(573,151,'27',0,NULL),(574,152,'Το οβιδοβόλο είναι σταθμευμένο σε επίπεδο έδαφος με χειρόφρενο.',0,NULL),(575,152,'Το οβιδοβόλο είναι σταθμευμένο σε επικλινές έδαφος.',0,NULL),(576,152,'Το οβιδοβόλο είναι σταθμευμένο σε επίπεδο έδαφος χωρίς να έχει φρενάρει ο οδηγός.',1,NULL),(577,153,'Με τη χρήση σταθεράς. ',1,NULL),(578,153,'Με τη χρήση δύο συρματόσχοινων.',0,NULL),(579,153,'Με τη χρήση ενός συρματόσχοινου',0,NULL),(580,154,'Κόκκινη ένδειξη: Φόρτιση κάτω του κανονικού ή υπερφόρτωση\n          			Κίτρινη ένδειξη : Χαμηλή φόρτιση\n          			Πράσινη ένδειξη : Κανονική φόρτισ',1,NULL),(581,154,'Κόκκινη ένδειξη: Φόρτιση κάτω του κανονικού ή υπερφόρτωση\n          			Κίτρινη ένδειξη : Κανονική  φόρτιση\n          			Πράσινη ένδειξη : Χαμηλή φόρτι',0,NULL),(582,154,'Κόκκινη ένδειξη: Κανονική φόρτιση\n          			Κίτρινη ένδειξη : Χαμηλή φόρτιση\n          			Πράσινη ένδειξη : Φόρτιση κάτω του κανονικού ή υπερφόρτωσ',0,NULL),(583,155,'Όταν το όχημα είναι σταματημένο προς τα πάνω πιέζουμε το ποδόπληκτρο του φρένου βάζουμε τον μοχλό ταχυτήτων στη θέση 1 και ξεκινάμε με μικρή ταχύτητα',1,NULL),(584,155,'Όταν το όχημα είναι σταματημένο προς τα πάνω πιέζουμε το ποδόπληκτρο του φρένου βάζουμε τον μοχλό ταχυτήτων στη θέση 2, αυξάνουμε την ισχύ και αποδεσμ',0,NULL),(585,155,'Όταν το όχημα είναι σταματημένο προς τα πάνω πιέζουμε το ποδόπληκτρο του φρένου βάζουμε τον μοχλό ταχυτήτων στη θέση 1, αυξάνουμε την ισχύ και αποδεσμ',0,NULL),(586,156,'Αντισταθμίζει την επιροπή προτομής του οβιδοβόλου και συμβάλει στην εύκολη ανύψωση του σωλήνα.',1,NULL),(587,156,'Συνδέει το οβιδοβόλο με το φορέα.',0,NULL),(588,156,'Περιστρέφει το σωλήνα 360°',0,NULL),(589,157,'Την εκτόξευση των βλημάτων.',0,NULL),(590,157,'Την ψύξη του σωλήνα.',0,NULL),(591,157,'Την λειτουργία περιστροφής, ανύψωσης και εμβόλισης.',1,NULL),(592,157,'Χρυσάφι',0,NULL),(593,158,'Προστατεύει την διόπτρα.',1,NULL),(594,158,'Λιπαίνει τη διόπτρα.',0,NULL),(595,158,'Εντοπίζει αυτόματα το στόχο.',0,NULL),(596,159,'8000 PSI.',0,NULL),(597,159,'3 Αtm',0,NULL),(598,159,'925 – 1225 PSI.',1,NULL),(599,159,'300 – 415 PSI.',0,NULL),(600,160,'925 – 1225 PSI.',0,NULL),(601,160,'17 - 50 PSI',1,NULL),(602,160,'2-3 PSI',0,NULL),(603,161,'Υπάρχει διαρροή μεγαλύτερη των 3 σταγόνων εντός 5 λεπτών.',1,NULL),(604,161,'Υπάρχει διαρροή μικρότερη των 5 σταγόνων εντός 5 λεπτών.',0,NULL),(605,161,'Υπάρχει μεγάλη πίεση.',0,NULL),(606,162,'Καθαρίζουμε το σωλήνα',0,NULL),(607,162,'Εμβολίζουμε το βλήμα.',1,NULL),(608,162,'Εμβολίζουμε το γέμισμα.',0,NULL),(609,162,'Τοποθετήσουμε το εμπύρευμα.',0,NULL),(610,163,'Προεξέχουν 19 χιλ.',1,NULL),(611,163,'Έχουν λίπος στα άκρα τους.',0,NULL),(612,163,'Έχουν ξεβιδωθεί.',0,NULL),(613,164,'Δεν λειτουργεί ο ισορροπητής.',0,NULL),(614,164,'Δεν λειτουργεί η πέδηση του σωλήνα.',0,NULL),(615,164,'Ο επικρουστήρας είναι θραυσμένος.',1,NULL),(616,165,'Υδραυλικό υγρό',0,NULL),(617,165,'Άζωτο πίεσης 20 PSI',0,NULL),(618,165,'H φλόγα του εμπυρεύματος',1,NULL),(619,166,'Τσιμούχες',0,NULL),(620,166,'Μονωτική ταινία',0,NULL),(621,166,'Πίεση αζώτου',0,NULL),(622,166,'Κοχλίωση',1,NULL),(623,167,'Λιπαίνονται τακτικά',1,NULL),(624,167,'Διατηρούνται στεγνοί',0,NULL),(625,167,'Πλένονται με νερό και σαπούνι',0,NULL),(626,168,'Με νερό και έλαιο 15 - 40',0,NULL),(627,168,'Με λίπος',0,NULL),(628,168,'Σύμφωνα με τη διαταγή λιπάνσεως',1,NULL),(629,169,'Στο χώρο του οδηγού',0,NULL),(630,169,'Στο χώρο του σκοπευτή',1,NULL),(631,169,'Στο χώρο του διοικητή',0,NULL),(632,170,'Χειροκίνητα',0,NULL),(633,170,'Ηλεκτροϋδραυλικά',0,NULL),(634,170,'α και β',1,NULL),(635,170,'Μηχανικά',0,NULL),(636,171,'Χειροκίνητα',0,NULL),(637,171,'Μηχανικά',0,NULL),(638,171,'Ηλεκτροϋδραυλικά',1,NULL),(639,171,'α και γ',0,NULL),(640,172,'Στο κάθισμα του αρχηγού στοιχείου.',0,NULL),(641,172,'Πάνω στο κλείστρο',0,NULL),(642,172,'Στη θέση του Β σκοπευτή',1,NULL),(643,173,'Μια πλήρη βολή',0,NULL),(644,173,'Με το μάτι',0,NULL),(645,173,'Σύμφωνα με το ΣΚ-20-1',0,NULL),(646,173,'Με τη συσκευή ρυθμίσεως Μ140',1,NULL),(647,174,'12.5 εκατ.',1,NULL),(648,174,'19 χιλ.',0,NULL),(649,174,'1 μέτρο',0,NULL),(650,175,'Τα ενδεικτικά σημεία δεν είναι ευθυγραμμισμένα',0,NULL),(651,175,'Τα ενδεικτικά σημεία είναι ευθυγραμμισμένα',1,NULL),(652,175,'Τίποτα από τα παραπάνω',0,NULL),(653,176,'Σε όλες τις κλίσεις',0,NULL),(654,176,'Σε οριζόντια κλίση',0,NULL),(655,176,'Σε κλίση με το έδαφος -35 εώς 4700 χιλ.',1,NULL),(656,176,'Όλα τα παραπάνω',0,NULL),(657,177,'Στην μελανή περιοχή',1,NULL),(658,177,'Στην άσπρη περιοχή',0,NULL),(659,177,'Στην κόκκινη περιοχή',0,NULL),(660,177,'Στην κίτρινη περιοχή',0,NULL),(661,177,'Στην γαλάζια περιοχή',0,NULL),(662,177,'Στην καφέ περιοχή',0,NULL),(663,178,'Να κινείται ελεύθερα δεξιά και αριστερά στο κλείστρο',1,NULL),(664,178,'Να μην κινείται καθόλου',0,NULL),(665,178,'Να κινείται δύσκολα προς τα δεξιά',0,NULL),(666,179,'Αφλογιστία',0,NULL),(667,179,'Βραδυφλογία',0,NULL),(668,179,'Πρόωρη εκπυρσοκρότηση',1,NULL),(669,180,'Αφλογιστία',0,NULL),(670,180,'Βραδυφλογία',1,NULL),(671,180,'Πρόωρη εκπυρσοκρότηση',0,NULL),(672,181,'Σε 1 ώρα',0,NULL),(673,181,'Σε 24 ώρες',0,NULL),(674,181,'Σε 1 δευτ. έως 10 λεπτά',1,NULL),(675,182,'Αφλογιστία',1,NULL),(676,182,'Βραδυφλογία',0,NULL),(677,182,'Πρόωρη εκπυρσοκρότηση',0,NULL),(678,183,'Έμφραξη',1,NULL),(679,183,'Αφλογιστία',0,NULL),(680,183,'Βραδυφλογία',0,NULL),(681,184,'Ελέγχουμε αν ο εξωλκέας είναι κεκκαμένος ή θραυσμένος',1,NULL),(682,184,'Ελέγχουμε τον επικρουστήρα',0,NULL),(683,184,'Ελέγχουμε το ελατήριο',0,NULL),(684,185,'Ελέγχουμε τον εμφρακτήρα και τους δακτύλιους',0,NULL),(685,185,'Ελέγχουμε τον ισορροπητή',0,NULL),(686,185,'Ελέγχουμε τον εμβολέα',1,NULL),(687,186,'Ελέγχουμε τον κινητήρα',0,NULL),(688,186,'Εξαερώνουμε τον επαναπληρωτή',0,NULL),(689,186,'Λιπαίνουμε τους τριβείς κοιτίδος',0,NULL),(690,186,'β και γ',1,NULL),(691,187,'Εξαερώνουμε το χαλινωτήριο',1,NULL),(692,187,'Εξαερώνουμε τον συμπληρωτή',0,NULL),(693,187,'Ελέγχουμε τους δείκτες του επανατάκτη',0,NULL),(694,187,'Πληρώνουμε με έλαιο τον σημπληρωτή',0,NULL),(695,187,'Όλα τα παραπάνω',0,NULL),(696,188,'Ρυθμίζουμε τον ισορροπητή',1,NULL),(697,188,'Πληρώνουμε με έλαιο τον σημπληρωτή',0,NULL),(698,188,'Ελέγχουμε τον επανατάκτη',0,NULL),(699,189,'Ρυθμίζουμε τον ισορροπητή',1,NULL),(700,189,'Πληρώνουμε με έλαιο τον σημπληρωτή',0,NULL),(701,189,'Ελέγχουμε τον επανατάκτη',0,NULL),(702,190,'Λευκό',0,NULL),(703,190,'Κόκκινο',1,NULL),(704,190,'Πράσινο',0,NULL),(705,191,'Λευκό',0,NULL),(706,191,'Κόκκινο',0,NULL),(707,191,'Πράσινο',1,NULL),(708,192,'Τo ποσό του συμπιεσμένου αζώτου στον κυρίως κύλινδρο',0,NULL),(709,192,'Εάν υπάρχει αρκετό υδραυλικό έλαιο στην κύρια δεξαμενή ισχύος',0,NULL),(710,192,'Το α και β',1,NULL),(711,193,'1000 PSI',0,NULL),(712,193,'+- 50 PSI',0,NULL),(713,193,'500  + 50 PSI',1,NULL),(714,193,'10 PSI',0,NULL),(715,194,'Υδραυλικό έλαιο',1,NULL),(716,194,'Υγρά φρένων',0,NULL),(717,194,'Μέσο έλαιο λιπάνσεως',0,NULL),(718,195,'Επί 100',0,NULL),(719,195,'Με βάση πίνακα',0,NULL),(720,195,'Ανάλογα με τη φθορά',0,NULL),(721,195,'Σε βολές ισοδύναμων πλήρων γεμισμάτων',1,NULL),(722,196,'Με ανεβοκατέβασμα του σωλήνα',0,NULL),(723,196,'Από δύο κοχλίες στο εσωτερικό του πύργου',1,NULL),(724,196,'Από τον ισορροπητή',0,NULL),(725,197,'Από το κλείστρο',0,NULL),(726,197,'Από τον ισορροπητή',0,NULL),(727,197,'Από την βαλβίδα εξαερώσεως του συστήματος',1,NULL),(728,198,'Μεσο ελαίο λιπάνσεως',0,NULL),(729,198,'Υδραυλικό έλαιο',0,NULL),(730,198,'Λ.Ο.Π.',1,NULL),(731,199,'Μια φορά το χρόνο',0,NULL),(732,199,'Μηνιαίως',0,NULL),(733,199,'Μηνιαίως και κάθε 300 βλήματα',1,NULL),(734,200,'Κάθε μήνα',0,NULL),(735,200,'Μετά από 1500 βολές',1,NULL),(736,200,'Μετά από 200 μίλια',0,NULL),(737,201,'1 ίντσα',0,NULL),(738,201,'4 ίντσες',1,NULL),(739,201,'10 ίντσες',0,NULL),(740,202,'Στην κεφαλή του κλείστρου',1,NULL),(741,202,'Στον συμπληρωτή',0,NULL),(742,202,'Στον σωλήνα',0,NULL),(743,203,'Την τοποθέτηση του βλήματος μετά του πυροσωλήνα',0,NULL),(744,203,'Την τοποθέτηση του γεμίσματος',0,NULL),(745,203,'Την τοποθέτηση του εμπυρεύματος  ',0,NULL),(746,203,'Όλα τα παραπάνω',1,NULL),(747,204,'Να περιστρέφεται καλύτερα το βλήμα στον σωλήνα',0,NULL),(748,204,'Να συντηρείτε το βλήμα στον σωλήνα',0,NULL),(749,204,'Να σφηνώνει το βλήμα στον σωλήνα',1,NULL),(750,205,'‘’ZERO’’',0,NULL),(751,205,'‘’DANGER’’',1,NULL),(752,205,'‘’RED’’',0,NULL),(753,205,'‘’FULL MARK’’ ',0,NULL),(754,206,'Καθ’ύψος κίνηση του σωλήνα',1,NULL),(755,206,'Κατά διεύθυνση κίνηση του σωλήνα',0,NULL),(756,206,'α και β',0,NULL),(757,207,'2 σημεία λιπάνσεως',1,NULL),(758,207,'4 σημεία λιπάνσεως',0,NULL),(759,207,'Κανένα σημείο λιπάνσεως',0,NULL),(760,208,'Κάθε χρόνο',0,NULL),(761,208,'Κάθε εξάμηνο',0,NULL),(762,208,'Αν έχει ρωγμές και αποχρωματισμό περισσότερο από 2,5 εκατ.',1,NULL),(763,209,'Έλεγχο μηδενικής πίεσης',0,NULL),(764,209,'Λειτουργία του εμβολέα',0,NULL),(765,209,'Αφαίρεση του καλύμματος, του περιβλήματος και ανύψωση του σωλήνα 750 χιλ',1,NULL),(766,210,'Προ της βολής',1,NULL),(767,210,'Μετά της βολής',0,NULL),(768,210,'Κάθε 5 χρόνια',0,NULL),(769,211,'1o κλιμάκιο',0,NULL),(770,211,'2o κλιμάκιο',0,NULL),(771,211,'3o κλιμάκιο',1,NULL),(772,211,'4o κλιμάκιο',0,NULL),(773,212,'Όταν η πίεση του συστήματος είναι μηδενική',1,NULL),(774,212,'Όταν η πίεση του συστήματος είναι 925-1225 PSI',0,NULL),(775,212,'Όταν η πίεση του συστήματος είναι 600 PSI',0,NULL),(776,213,'1 εβδομάδα',0,NULL),(777,213,'3 μέρες',1,NULL),(778,213,'5 ώρες',0,NULL),(779,214,'Υγρός καθαρισμός',0,NULL),(780,214,'Ξηρός  καθαρισμός',0,NULL),(781,214,'Μηχανικός καθαρισμός',0,NULL),(782,214,'Καθαρισμός με τροχό',1,NULL),(783,215,'ΕΛΓΧ',1,NULL),(784,215,'Λίπος',0,NULL),(785,215,'Υδραυλικό έλαιο',0,NULL),(786,216,'Με νερό και σαπούνι',1,NULL),(787,216,'Με ΕΛΓΧ',0,NULL),(788,216,'Με CLP',0,NULL),(789,217,'17 – 50 Psi',0,NULL),(790,217,'17 – 24 Psi',1,NULL),(791,217,'15  Psi',0,NULL),(792,218,'ΛΟΠ',1,NULL),(793,218,'Υδραυλικό έλαιο',0,NULL),(794,218,'Νερό και σαπούνι',0,NULL),(795,219,'Ημερήσια, τριμηνιαία',0,NULL),(796,219,'Εβδομαδιαία, εξαμηνιαία',0,NULL),(797,219,'Ετήσια, μη τακτική',0,NULL),(798,219,'Όλα τα παραπάνω',1,NULL),(799,220,'Κάθε τρίμηνο',0,NULL),(800,220,'Κάθε βολή 300 βλημάτων',0,NULL),(801,220,'Όλα τα παραπάνω',1,NULL),(802,221,'ΕΛΓΧ',1,NULL),(803,221,'Νο 30',0,NULL),(804,221,'Νο 10',0,NULL),(805,222,'Ο δκτής της μονάδος',1,NULL),(806,222,'Ο αρχηγός στοιχείου',0,NULL),(807,222,'Ο Νο 1',0,NULL),(808,223,'Ο αρχηγός στοιχείου',1,NULL),(809,223,'Ο δκτής Ο.Σ. της μονάδος',0,NULL),(810,223,'Ο μηχανουργός πυροβόλων της μονάδας',0,NULL),(811,224,'Ο μηχανουργός πυροβόλων της μονάδας',1,NULL),(812,224,'Ο λόχος τεχνικού',0,NULL),(813,224,'Ο διευθυντής του 3ου γραφείου',0,NULL),(814,225,'1o, 2ο και 3o κλιμάκιο',0,NULL),(815,225,'1o, 2ο κλιμάκιο',1,NULL),(816,225,'1o μέχρι 4ο κλιμάκιο',0,NULL),(817,226,'Τα σημεία των πυροβόλων που λιπαίνονται',0,NULL),(818,226,'Τον τύπο λιπαντικού και την θερμοκρασία χρήσης του',0,NULL),(819,226,'Τα χρονικά διαστήματα λιπάνσεως',0,NULL),(820,226,'Όλα τα παραπάνω',1,NULL),(821,227,'Υπόκεινται σε τριμηνιαία προληπτική συντήρηση',1,NULL),(822,227,'Δεν υπόκεινται σε τριμηνιαία προληπτική συντήρηση',0,NULL),(823,227,'Τίποτα από τα παραπάνω',0,NULL),(824,228,'Βενζίνη',0,NULL),(825,228,'Πετρέλαιο',0,NULL),(826,228,'Τίποτα από τα παραπάνω',1,NULL),(827,229,'NEOPRENE',1,NULL),(828,229,'GERDOM',0,NULL),(829,229,'TOYOTA',0,NULL),(830,230,'NEOPRENE',0,NULL),(831,230,'GERDOM',1,NULL),(832,230,'ΤRIUMPH',0,NULL),(833,230,'AMIANT',0,NULL),(834,231,'NEOPRENE',0,NULL),(835,231,'GERDOM',1,NULL),(836,231,'TRIUMPH',0,NULL),(837,231,'AMIANT',0,NULL),(838,232,'1ου κλιμακίου',0,NULL),(839,232,'3ου κλιμακίου',1,NULL),(840,232,'Τίποτα από τα παραπάνω',0,NULL),(841,233,'Επισκευές',0,NULL),(842,233,'Τροποποιήσεις',0,NULL),(843,233,'Ανακατασκευές',0,NULL),(844,233,'Όλα τα παραπάνω',1,NULL),(845,234,'Η 23 ΤΘΤ',0,NULL),(846,234,'Η ΔΣ ΤΧ του ΑΣ',1,NULL),(847,234,'Η εκάστοτε μονάδα',0,NULL),(848,235,'Διοικητική και τεχνική',1,NULL),(849,235,'1ου και 2ου κλιμακίου',0,NULL),(850,235,'3ου  και 4ου γραφείου',0,NULL),(851,236,'Πλήρης',0,NULL),(852,236,'Περιορισμένη',0,NULL),(853,236,'Εξέταση πλήρους σωλήνα',0,NULL),(854,236,'Περιοδική μακράς εναποθήκευσης',0,NULL),(855,236,'Όλα τα παραπάνω',1,NULL),(856,237,'Τη σοβαρή βλάβη ή αχρήστευση του πυροβόλου',0,NULL),(857,237,'Τραυματισμό ή φόνο των χειριστών',0,NULL),(858,237,'Απώλεια εμπιστοσύνης στο υλικό',0,NULL),(859,237,'Όλα τα παραπάνω',1,NULL),(860,238,'Στη μη τήρηση των κανόνων χρήσεως του πυροβόλου',0,NULL),(861,238,'Στην πλημμελή συντήρηση και ελαττωματικότητα του πυροβόλου',0,NULL),(862,238,'Σε ατέλειες και ελαττωματικότητα του πυροβόλου',0,NULL),(863,238,'Όλα τα παραπάνω',1,NULL),(864,239,'Στον κινητήρα του πυροβόλου',0,NULL),(865,239,'Ύπαρξη ξένων σωμάτων στο κοίλο',0,NULL),(866,239,'Σε πρόωρο άνοιγμα του κλείστρου σε περίπτωση αφλογιστίας',0,NULL),(867,239,'β και γ',1,NULL),(868,240,'Σε ανεπαρκή πίεση αερίου',0,NULL),(869,240,'Σε ανεπαρκή πλήρωση υγρού',0,NULL),(870,240,'Όλα τα παραπάνω',1,NULL),(871,241,'Προ της βολής',0,NULL),(872,241,'Ανά εξάμηνο',0,NULL),(873,241,'Ανά τρίμηνο όταν δεν εκτελούν βολή για έναν χρόνο',0,NULL),(874,241,'Όλα τα παραπάνω',1,NULL),(875,242,'Καταγράφεται πάντα στο μητρώο του πυροβόλου',1,NULL),(876,242,'Δεν καταγράφεται στο μητρώο του πυροβόλου',0,NULL),(877,242,'Καταγράφεται στην διαταγή λιπάνσεως του πυροβόλου',0,NULL),(878,243,'Το είδος των καυσίμων που χρησιμοποιούν',0,NULL),(879,243,'Το είδος κατεύθυνσης (άμεσης, αυτοκατεύθυνσης',0,NULL),(880,243,'Το είδος της ταχύτητας πτήσης',0,NULL),(881,243,'Το βεληνεκές',0,NULL),(882,243,'Όλα τα παραπάνω',1,NULL),(883,244,'Η τροχιά του βλήματος σε πραγματικές συνθήκες',1,NULL),(884,244,'Η τροχιά του βλήματος παραβλέποντας την αντίσταση του αέρα',0,NULL),(885,244,'Τίποτα από τα παραπάνω',0,NULL),(886,245,'Πυραυλοκινητήρες υγρών καυσίμων',0,NULL),(887,245,'Πυραυλοκινητήρες στερεών καυσίμων',0,NULL),(888,245,'Πυραυλοκινητήρες υβριδικοί',0,NULL),(889,245,'Πυραυλοκινητήρες ειδικοί',0,NULL),(890,245,'α, β και γ',1,NULL),(891,246,'Μεταλλικό οινόπνευμα',0,NULL),(892,246,'Διαλυτικό βαφών',0,NULL),(893,246,'Βενζίνη',0,NULL),(894,246,'Τίποτα από τα παραπάνω',1,NULL),(895,247,'Να λύσουμε το κλείστρο',0,NULL),(896,247,'Να αφαιρέσουμε το υδραυλικό υγρό από την κύρια δεξαμενή',0,NULL),(897,247,'Να λυγίσουμε με μια βαριοπούλα το άκρο της ράβδου απόσβεσης οπισθοδρόμησης',1,NULL),(898,248,'Ένα συγκρότημα πυροβόλου 155 mm',0,NULL),(899,248,'Ένα πολυβόλο με διαμέτρημα 50 χιλ',1,NULL),(900,248,'Ένα τυφέκιο G3A4',0,NULL),(901,249,'Ηλεκτροκίνητη υδραυλική αντλία',1,NULL),(902,249,'Καλύπτρα',0,NULL),(903,249,'Τάση ερπύστριας',0,NULL),(904,250,'Κλείστρο',0,NULL),(905,250,'Κέντρο του σωλήνα',0,NULL),(906,250,'Άκρη του σωλήνα',1,NULL),(907,251,'Στο πίσω μέρος του πυγαίου',1,NULL),(908,251,'Στο κέντρο του σωλήνα',0,NULL),(909,251,'Μέσα στο κλείστρο',0,NULL),(910,252,'Στην άνω δεξιά γωνία του κλισιοσκοπίου',1,NULL),(911,252,'Στο κέντρο του σωλήνα',0,NULL),(912,252,'Στο χωροβάτη',0,NULL),(913,253,'Στη άνω αριστερή πλευρά',1,NULL),(914,253,'Στη άνω δεξιά πλευρά',0,NULL),(915,253,'Κάτω από τη βάση',0,NULL),(916,254,'Στην άνω μπροστινή όψη της δεξαμενής',1,NULL),(917,254,'Στο μανόμετρο της δεξαμενής',0,NULL),(918,254,'Στο πίσω μέρος της δεξαμενής',0,NULL),(919,255,'Το Μ 109 Α4 διαθέτει βάση πολυβόλου',0,NULL),(920,255,'Το Μ 109 Α4 διαθέτει σύστημα NBC',1,NULL),(921,255,'Το Μ 109 Α4 διαθέτει ερπύστρια',0,NULL),(922,256,'M185',1,NULL),(923,256,'M200',0,NULL),(924,256,'M284',0,NULL),(925,257,'M185',0,NULL),(926,257,'M200',0,NULL),(927,257,'M284',1,NULL),(928,258,'Μ178',1,NULL),(929,258,'Μ185',0,NULL),(930,258,'Μ16',0,NULL),(931,259,'Μ182',1,NULL),(932,259,'Μ189',0,NULL),(933,259,'Μ16',0,NULL),(934,260,'Μ35',1,NULL),(935,260,'Μ41',0,NULL),(936,260,'Μ37',0,NULL),(937,261,'Μ35',0,NULL),(938,261,'Μ49',1,NULL),(939,261,'ΜΜΠ',0,NULL),(940,262,'Ένα εσωτερικό φίλτρο',1,NULL),(941,262,'Δύο εσωτερικά φίλτρα',0,NULL),(942,262,'Τα α και β',0,NULL),(943,263,'Ένα εσωτερικό φίλτρο',0,NULL),(944,263,'Δύο εσωτερικά φίλτρα',1,NULL),(945,263,'Τα α και β',0,NULL),(946,264,'3',0,NULL),(947,264,'5',1,NULL),(948,264,'20',0,NULL),(949,265,'Ηλεκτρικό συμπλέκτη',0,NULL),(950,265,'Μηχανικό συμπλέκτη',0,NULL),(951,265,'Υδραυλικό συμπλέκτη',1,NULL),(952,266,'Ηλεκτρουδραυλικής οπισθοδρόμησης',0,NULL),(953,266,'Οπισθοδρόμησης ελατηρίων',0,NULL),(954,266,'Υδρο-πνευματικής οπισθοδρόμησης',1,NULL),(955,267,'24ν',1,NULL),(956,267,'12ν 20Αμπ',0,NULL),(957,267,'6ν 10 Αμπ',0,NULL),(958,268,'155 mm',1,NULL),(959,268,'8 inc',0,NULL),(960,268,'105 mm',0,NULL),(961,269,'20cm',0,NULL),(962,269,'15cm',0,NULL),(963,269,'5.08cm',1,NULL),(964,270,'Μ117 Α2',0,NULL),(965,270,'Μ117',0,NULL),(966,270,'Μ118',0,NULL),(967,270,'α και β',1,NULL),(968,271,'Μ118 Α2',0,NULL),(969,271,'Μ118 Α3',0,NULL),(970,271,'Μ118 Α4',0,NULL),(971,271,'α και β',1,NULL),(972,272,'Στον πύργο του πυροβόλου',0,NULL),(973,272,'Στο εσωτερικό του πυγαίου της βάσης',1,NULL),(974,272,'Στο θάλαμο του αρχηγού στοιχείου',0,NULL),(975,273,'Μειώνει την ισχύ της οπισθοδρόμησης και προώθησης',0,NULL),(976,273,'Μειώνει την αναλαμπή',0,NULL),(977,273,'Εκτρέπει τα αέρια μακριά από την καμπίνα',0,NULL),(978,273,'Όλα τα παραπάνω',1,NULL),(979,274,'Γεμίζει λάδι τον επανατάκτη',0,NULL),(980,274,'Εκτοξεύει το βλήμα',0,NULL),(981,274,'Απορροφά και μειώνει την ισχύ του χαληνωτηρίου',1,NULL),(982,275,'Μειώνει την ισχύ του χαληνωτηρίου',0,NULL),(983,275,'Επιστρέφει τον σωλήνα του πυροβόλου στην αρχική του θέση',1,NULL),(984,275,'Λειτουργεί με τον χειροστρόφαλο στου σκοπευτή',0,NULL),(985,276,'Προστατεύει το συγκρότημα του πυροβόλου καθώς επιστρέφει στην θέση του',1,NULL),(986,276,'Πληρώνει με λάδι τον συμπλέκτη',0,NULL),(987,276,'Κινεί τον πύργο του πυροβόλου',0,NULL),(988,277,'Ανυψώνει το πυροβόλο',0,NULL),(989,277,'Συμπιέζει το πυροβόλο',0,NULL),(990,277,'Ισοσταθμίζει το πυροβόλο',0,NULL),(991,277,'Όλα τα παραπάνω',1,NULL),(992,278,'Καθαρισμός του σωλήνα',0,NULL),(993,278,' Έλεγχος αξιοπιστίας εμβολέα',1,NULL),(994,278,'Απομάκρυνση των παρελκόμενων του πύργου',0,NULL),(995,279,'Αποσυναρμολογούμε το μηχανισμό του κλείστρου και επιθεωρούμε όλα τα εξαρτήματα του',1,NULL),(996,279,'Χρησιμοποιούμε βαριοπούλα',0,NULL),(997,279,'Αλλάζουμε το κλείστρο',0,NULL),(998,280,'Κάνουμε τεχνική οπισθοδρόμηση',0,NULL),(999,280,'Ρυθμίζουμε το λειτουργικό κνώδακα',0,NULL),(1000,280,'Ρυθμίζουμε το συγκρότημα του αποσβεστήρα',0,NULL),(1001,280,'β και γ',1,NULL),(1002,281,'Ελέγχουμε την υδραυλική πίεση του συμπληρωτή',1,NULL),(1003,281,'Ελέγχουμε τον χειροστρόφαλο',0,NULL),(1004,281,'Ανοίγουμε το κλείστρο',0,NULL),(1005,282,'Ελέγχουμε την θερμοκρασία του κινητήρα',0,NULL),(1006,282,'Ελέγχουμε την μεταβλητή οπισθοδρόμηση',1,NULL),(1007,282,'Ελέγχουμε τον εμβολέα',0,NULL),(1008,283,'Ελέγχουμε την υδραυλική πίεση του συμπληρωτή',0,NULL),(1009,283,'Εξαερώνουμε τον επανατάκτη',0,NULL),(1010,283,'α και β',1,NULL),(1011,284,'Ελέγχουμε τον πυροδοτικό μηχανισμό',0,NULL),(1012,284,'Ελέγχουμε το περικόχλιο του άξονα έμφραξης',0,NULL),(1013,284,'α και β',1,NULL),(1014,285,'Ελέγχουμε τον εκκενωτή αερίων',0,NULL),(1015,285,'Ελέγχουμε τον πλαστικό εμφρακτήρα',0,NULL),(1016,285,'α και β',1,NULL),(1017,286,'Ελέγχουμε την πίεση του κυρίου συσσωρευτή',0,NULL),(1018,286,'Ελέγχουμε την πίεση του δευτερεύοντα συσσωρευτή',0,NULL),(1019,286,'α και β',1,NULL),(1020,287,'Εξαερώνουμε τον ισορροπητή',1,NULL),(1021,287,'Ελέγχουμε την πίεση του συμπληρωτή',0,NULL),(1022,287,'α και β',0,NULL),(1023,288,'Το σύστημα ανύψωσης',0,NULL),(1024,288,'Το σύστημα περιστροφής',0,NULL),(1025,288,'Την υδραυλική αντλία',0,NULL),(1026,288,'α, β και γ',1,NULL),(1027,289,'Αφαιρούμε υγρό από τη δεξαμενή',0,NULL),(1028,289,'Ελέγχουμε την πίεση αζώτου του κυρίου συσσωρευτή',0,NULL),(1029,289,'α και β',1,NULL),(1030,290,'Ελέγχουμε τη στάθμη του υδραυλικού υγρού στην δεξαμενή',0,NULL),(1031,290,'Ελέγχουμε την πίεση αζώτου του κυρίου συσσωρευτή',0,NULL),(1032,290,'α και β',1,NULL),(1033,291,'Εκτελούμε μηδενική πίεση και ελέγχουμε την πίεση αζώτου',1,NULL),(1034,291,'Εξαερώνουμε τον ισορροπητή',0,NULL),(1035,291,'α και β',0,NULL),(1036,292,'Τον εμβολέα',0,NULL),(1037,292,'Το κλείστρο',0,NULL),(1038,292,'Τη λαβή απελευθέρωσης',0,NULL),(1039,292,'β και γ',0,NULL),(1040,292,'α και γ',1,NULL),(1041,293,'Χαμηλή τάση στις μπαταρίες',1,NULL),(1042,293,'Χαμηλή στάθμη πετρελαίου',0,NULL),(1043,293,'Τίποτα από τα παραπάνω',0,NULL),(1044,294,'Επηρεάζει την ένδειξη στάθμης του υγρού στο μετρητή παρατήρησης',1,NULL),(1045,294,'Επηρεάζει την οπισθοδρόμηση του κλείστρου',0,NULL),(1046,294,'Επηρεάζει την τάση των μπαταριών',0,NULL),(1047,295,'Βεβαιωνόμαστε ότι οι ενδείκτες του συγκροτήματος του υδραυλικού φίλτρου βρίσκονται στη λειτουργία παράκαμψης και ελέγχουμε το υγρό για ξένες ουσίες',1,NULL),(1048,295,'Λύνουμε το κλείστρο',0,NULL),(1049,295,'Συμπληρώνουμε με άζωτο το συγκρότημα του χειριστηρίου',0,NULL),(1050,296,'Ελέγχουμε την τάση του καλωδίου 47 στο συγκρότημα του βραχίονα επαφής στο πλαινό μέρος του σκάφους',0,NULL),(1051,296,'Μετράμε τους συσσωρευτές',0,NULL),(1052,296,'Τα α και β',1,NULL),(1053,297,'2',1,NULL),(1054,297,'1',0,NULL),(1055,297,'3',0,NULL),(1056,298,'στον πυροδοτικό μηχανισμό',0,NULL),(1057,298,'στην υποδοχή του πυροδοτικού μηχανισμού',1,NULL),(1058,298,'στον πλαστικό εμφρακτήρα',0,NULL),(1059,299,'στο χειροστρόφαλο',0,NULL),(1060,299,'στο συγκρότημα φραγής βολής',1,NULL),(1061,299,'στο βραχίονα συγκρατήσεως',0,NULL),(1062,300,'δεξιόστροφα',1,NULL),(1063,300,'αριστερόστροφα',0,NULL),(1064,300,'με κλειδί',0,NULL),(1065,301,'2 συγκράτησης, 1 εσωτερικό και 1 εδράνου',1,NULL),(1066,301,'1 συγκράτησης και 1 εδράνου',0,NULL),(1067,301,'5 δακτυλίους εσωτερικούς',0,NULL),(1068,302,'Να βρίσκονται αντιδιαμετρικά αντίθετα',1,NULL),(1069,302,'στο ίδιο ύψος',0,NULL),(1070,302,'να βρίσκονται σε τυχαία θέση',0,NULL),(1071,303,'Το πλάτος της εγκοπής έχει φθαρεί πάνω από 19mm',1,NULL),(1072,303,'Το πλάτος της εγκοπής έχει φθαρεί 12,7mm',0,NULL),(1073,303,'Το πλάτος της εγκοπής έχει φθαρεί 12,5mm',0,NULL),(1074,304,'Συγκρότημα εμβόλου του συγκρατήρα',1,NULL),(1075,304,'Ο πλαστικός εμφρακτήρας',0,NULL),(1076,304,'ένας συσσωρευτής 12Χ100',0,NULL),(1077,305,'μικρότερο από 24,6mm',1,NULL),(1078,305,'μεγαλύτερο από 24,6mm',0,NULL),(1079,305,'ίσο με 50mm',0,NULL),(1080,306,'μικρότερο από 3,97cm',1,NULL),(1081,306,'μεγαλύτερο από 3,97cm',0,NULL),(1082,306,'ίσο με 10cm',0,NULL),(1083,307,'8 ασφαλιστικούς δακτυλίους',1,NULL),(1084,307,'9 ασφαλιστικούς δακτυλίους',0,NULL),(1085,307,'20 ασφαλιστικούς δακτυλίους',0,NULL),(1086,308,'10 ασφαλιστικούς δακτυλίους',1,NULL),(1087,308,'11 ασφαλιστικούς δακτυλίους',0,NULL),(1088,308,'20 ασφαλιστικούς δακτυλίους',0,NULL),(1089,309,'0,025mm',1,NULL),(1090,309,'1 cm',0,NULL),(1091,309,'1,5cm',0,NULL),(1092,310,'κάθε τρίμηνο',0,NULL),(1093,310,'κάθε χρόνο',0,NULL),(1094,310,'μόνο εφόσον υπάρχουν ζημιές στα εξαρτήματα',1,NULL),(1095,311,'άζωτο',1,NULL),(1096,311,'ήλιο',0,NULL),(1097,311,'οξυγόνο',0,NULL),(1098,312,'άζωτο',1,NULL),(1099,312,'ήλιο',0,NULL),(1100,312,'υδρογόνο',0,NULL),(1101,313,'1 μαύρη ταινία',0,NULL),(1102,313,'2 μαύρες ταινίες',0,NULL),(1103,313,'α και β',1,NULL),(1104,314,'Δεν θα υπάρξει καμία διαφορά',0,NULL),(1105,314,'Υπάρχει περίπτωση να εκραγεί ο συμπληρωτής',1,NULL),(1106,314,'Θα έχουμε καλύτερα αποτελέσματα στο σύστημα',0,NULL),(1107,315,'από μία βάνα της δεξαμενής',1,NULL),(1108,315,'γυρίζοντας τη δεξαμενή ανάποδα',0,NULL),(1109,315,'τίποτα από τα παραπάνω',0,NULL),(1110,316,'1',0,NULL),(1111,316,'FULL AFTER PUMPING',1,NULL),(1112,316,'EMPTY',0,NULL),(1113,317,'προσθέτουμε υγρό',1,NULL),(1114,317,'αφαιρούμε υγρό',0,NULL),(1115,317,'αφαιρούμε άζωτο',0,NULL),(1116,318,'925-1225 PSI',0,NULL),(1117,318,'100 PSI',0,NULL),(1118,318,'0 PSI',1,NULL),(1119,319,'FULL AFTER PUMPING',0,NULL),(1120,319,'FULL AT 0 PRESSURE',1,NULL),(1121,319,'100 PSI',0,NULL),(1122,320,'Ο κύριος διακόπτης είναι στη θέση ON και ο ισχύος καμπίνας στη θέση OFF',0,NULL),(1123,320,'Ο κύριος διακόπτης είναι στη θέση ΟΝ και ο ισχύος καμπίνας στη θέση ΟΝ',1,NULL),(1124,320,'α και β',0,NULL),(1125,321,'1 βαλβίδα εκροής',0,NULL),(1126,321,'3 βαλβίδες εκροής',1,NULL),(1127,321,'5 βαλβίδες εκροής',0,NULL),(1128,322,'1 βαλβίδα εκροής',0,NULL),(1129,322,'3 βαλβίδες εκροής',1,NULL),(1130,322,'αυτόματα',0,NULL),(1131,323,'Το υγρό που εξέρχεται απαλλαγμένο από φυσαλίδες αέρα',1,NULL),(1132,323,'Τα υγρό που εξέρχεται συνεχίζει να έχει φυσαλίδες αέρα',0,NULL),(1133,323,'Δεν εξέρχεται πλέον υγρό',0,NULL),(1134,324,'στη θέση OFF',1,NULL),(1135,324,'στη θέση ΟΝ',0,NULL),(1136,324,'στο κέντρο',0,NULL),(1137,325,'φιάλες αζώτου',1,NULL),(1138,325,'ειδικές τρόμπες',0,NULL),(1139,325,'ψυκτικούς',0,NULL),(1140,326,'στο φαινόμενο εξισορρόπησης των πιέσεων του συστήματος συσσωρευτή-φιάλης',1,NULL),(1141,326,'στην πίεση που ασκεί ο τεχνίτης',0,NULL),(1142,326,'στη θερμοκρασία του περιβάλλοντος',0,NULL),(1143,327,'είναι ελαφρύ',0,NULL),(1144,327,'είναι φθηνό',0,NULL),(1145,327,'δεν υγροποιείται εύκολα',1,NULL),(1146,328,'πίεση και αποσυμπίεση αζώτου και υδραυλικού υγρού',1,NULL),(1147,328,'τεράστια ελατήρια',0,NULL),(1148,328,'ηλεκτρονικά κυκλώματα',0,NULL),(1149,329,'Η515',1,NULL),(1150,329,'Νο 30',0,NULL),(1151,329,'υγρό φρένων DOT 4',0,NULL),(1152,330,'πράσινο χρώμα',0,NULL),(1153,330,'κίτρινο χρώμα',0,NULL),(1154,330,'ερυθρό χρώμα',1,NULL),(1155,331,'μπορεί να προκαλέσει μόνιμη βλάβη στο υδραυλικό σύστημα',1,NULL),(1156,331,'προβλέπεται όταν δεν βρίσκουμε Η515',0,NULL),(1157,331,'είναι αποδεκτή',0,NULL),(1158,332,'είναι αβλαβής',0,NULL),(1159,332,'πρέπει να αποφεύγεται',1,NULL),(1160,332,'μας αφήνει αδιάφορους',0,NULL),(1161,333,'να εργάζεται μόνο το απαραίτητο προσωπικό',0,NULL),(1162,333,'να γίνεται καλή εφαρμογή της συλλογής πλήρωσης στις βαλβίδες',0,NULL),(1163,333,'να γνωρίζουμε από πριν τις υφιστάμενες πιέσεις φιάλης-συστήματος',0,NULL),(1164,333,'όλα τα παραπάνω',1,NULL),(1165,334,'το 1ο κλιμάκιο',0,NULL),(1166,334,'το 2ο κλιμάκιο όταν υπάρχει εκπαιδευμένο προσωπικό (μηχανουργός πυροβόλων)',0,NULL),(1167,334,'από το 3ο κλιμάκιο',0,NULL),(1168,334,'β και γ',1,NULL),(1169,335,'το 1ο κλιμάκιο',0,NULL),(1170,335,'το 2ο κλιμάκιο όταν υπάρχει εκπαιδευμένο προσωπικό',1,NULL),(1171,335,'τον αξκό βολής',0,NULL);
/*!40000 ALTER TABLE `answers` ENABLE KEYS */;
UNLOCK TABLES;

--
-- Temporary view structure for view `apantiseis_kata_erwtisi`
--

DROP TABLE IF EXISTS `apantiseis_kata_erwtisi`;
/*!50001 DROP VIEW IF EXISTS `apantiseis_kata_erwtisi`*/;
SET @saved_cs_client     = @@character_set_client;
/*!50503 SET character_set_client = utf8mb4 */;
/*!50001 CREATE VIEW `apantiseis_kata_erwtisi` AS SELECT 
 1 AS `IDq`,
 1 AS `IDs`,
 1 AS `question`,
 1 AS `image_q`,
 1 AS `IDa`,
 1 AS `answer`,
 1 AS `correct`,
 1 AS `image_a`*/;
SET character_set_client = @saved_cs_client;

--
-- Temporary view structure for view `eidik_kata_dnsi`
--

DROP TABLE IF EXISTS `eidik_kata_dnsi`;
/*!50001 DROP VIEW IF EXISTS `eidik_kata_dnsi`*/;
SET @saved_cs_client     = @@character_set_client;
/*!50503 SET character_set_client = utf8mb4 */;
/*!50001 CREATE VIEW `eidik_kata_dnsi` AS SELECT 
 1 AS `IDsp`,
 1 AS `specialtiescol`,
 1 AS `IDs`,
 1 AS `specializationcol`*/;
SET character_set_client = @saved_cs_client;

--
-- Temporary view structure for view `erwtiseis_kat_eidikotita`
--

DROP TABLE IF EXISTS `erwtiseis_kat_eidikotita`;
/*!50001 DROP VIEW IF EXISTS `erwtiseis_kat_eidikotita`*/;
SET @saved_cs_client     = @@character_set_client;
/*!50503 SET character_set_client = utf8mb4 */;
/*!50001 CREATE VIEW `erwtiseis_kat_eidikotita` AS SELECT 
 1 AS `IDs`,
 1 AS `IDq`,
 1 AS `question`,
 1 AS `image_q`,
 1 AS `IDsp`,
 1 AS `specializationcol`*/;
SET character_set_client = @saved_cs_client;

--
-- Table structure for table `final_answers`
--

DROP TABLE IF EXISTS `final_answers`;
/*!40101 SET @saved_cs_client     = @@character_set_client */;
/*!50503 SET character_set_client = utf8mb4 */;
CREATE TABLE `final_answers` (
  `idfinal_answers` int NOT NULL AUTO_INCREMENT,
  `IDu` int DEFAULT NULL,
  `IDq` int DEFAULT NULL,
  `IDa` int DEFAULT NULL,
  `exam_started_at` timestamp NULL DEFAULT NULL,
  PRIMARY KEY (`idfinal_answers`),
  KEY `IDu_idx` (`IDu`),
  KEY `IDq_idx` (`IDq`),
  KEY `IDa9_idx` (`IDa`),
  CONSTRAINT `IDa9` FOREIGN KEY (`IDa`) REFERENCES `answers` (`IDa`),
  CONSTRAINT `IDq9` FOREIGN KEY (`IDq`) REFERENCES `questions` (`IDq`),
  CONSTRAINT `IDu9` FOREIGN KEY (`IDu`) REFERENCES `users` (`IDu`)
) ENGINE=InnoDB AUTO_INCREMENT=178 DEFAULT CHARSET=utf8mb4 COLLATE=utf8mb4_general_ci;
/*!40101 SET character_set_client = @saved_cs_client */;

--
-- Dumping data for table `final_answers`
--

LOCK TABLES `final_answers` WRITE;
/*!40000 ALTER TABLE `final_answers` DISABLE KEYS */;
INSERT INTO `final_answers` VALUES (23,6,316,1110,'2021-06-29 20:06:12'),(24,6,256,923,'2021-06-29 20:06:12'),(25,6,316,1110,'2021-06-29 20:06:12'),(26,6,256,923,'2021-06-29 20:06:12'),(27,6,223,809,'2021-06-29 20:06:12'),(28,6,303,1071,'2021-06-29 20:06:12'),(29,6,296,1051,'2021-06-29 20:06:12'),(30,6,306,1080,'2021-06-29 20:06:12'),(31,6,333,1163,'2021-06-29 20:06:12'),(32,6,261,937,'2021-06-29 20:06:12'),(33,7,279,995,'2021-06-29 20:10:57'),(34,7,311,1097,'2021-06-29 20:10:57'),(35,7,225,815,'2021-06-29 20:10:57'),(36,7,229,827,'2021-06-29 20:10:57'),(37,7,162,608,'2021-06-29 20:10:57'),(38,7,306,1081,'2021-06-29 20:10:57'),(39,7,308,1088,'2021-06-29 20:10:57'),(40,7,273,976,'2021-06-29 20:10:57'),(41,7,239,866,'2021-06-29 20:10:57'),(42,7,252,910,'2021-06-29 20:10:57'),(43,8,212,773,'2021-06-29 20:12:03'),(44,8,221,803,'2021-06-29 20:12:03'),(45,8,320,1122,'2021-06-29 20:12:03'),(46,8,180,670,'2021-06-29 20:12:03'),(47,8,258,928,'2021-06-29 20:12:03'),(48,8,297,1055,'2021-06-29 20:12:03'),(49,8,243,878,'2021-06-29 20:12:03'),(50,8,204,748,'2021-06-29 20:12:03'),(51,8,244,883,'2021-06-29 20:12:03'),(52,8,192,709,'2021-06-29 20:12:03'),(53,9,278,994,'2021-06-29 20:13:22'),(54,9,201,738,'2021-06-29 20:13:22'),(55,9,244,883,'2021-06-29 20:13:22'),(56,9,268,960,'2021-06-29 20:13:22'),(57,9,245,886,'2021-06-29 20:13:22'),(58,9,183,679,'2021-06-29 20:13:22'),(59,9,222,805,'2021-06-29 20:13:22'),(60,9,267,957,'2021-06-29 20:13:22'),(61,9,278,994,'2021-06-29 20:13:22'),(62,9,325,1139,'2021-06-29 20:13:22'),(63,9,325,1137,'2021-06-29 20:13:22'),(76,10,131,507,'2021-06-30 05:28:03'),(77,10,88,349,'2021-06-30 05:28:03'),(78,10,99,393,'2021-06-30 05:28:03'),(79,10,127,495,'2021-06-30 05:28:03'),(80,10,55,217,'2021-06-30 05:28:03'),(81,10,148,562,'2021-06-30 05:28:03'),(82,10,104,413,'2021-06-30 05:28:03'),(83,10,9,33,'2021-06-30 05:28:03'),(84,10,100,397,'2021-06-30 05:28:03'),(85,10,79,313,'2021-06-30 05:28:03'),(86,10,131,507,'2021-06-30 05:28:03'),(87,10,88,349,'2021-06-30 05:28:03'),(88,10,99,393,'2021-06-30 05:28:03'),(89,10,127,495,'2021-06-30 05:28:03'),(90,10,127,495,'2021-06-30 05:28:03'),(132,2,48,190,'2021-06-30 06:53:15'),(133,2,139,535,'2021-06-30 06:53:15'),(134,2,142,543,'2021-06-30 06:53:15'),(135,2,50,197,'2021-06-30 06:53:15'),(136,2,101,403,'2021-06-30 06:53:15'),(137,2,28,110,'2021-06-30 06:53:15'),(138,2,60,240,'2021-06-30 06:53:15'),(139,2,146,556,'2021-06-30 06:53:15'),(140,2,48,191,'2021-06-30 06:53:15'),(141,2,45,178,'2021-06-30 06:53:15'),(142,1,16,62,'2021-06-30 14:29:29'),(143,1,148,563,'2021-06-30 14:29:29'),(144,1,16,61,'2021-06-30 14:29:29'),(145,1,24,95,'2021-06-30 14:29:29'),(146,1,58,230,'2021-06-30 14:29:29'),(147,1,139,535,'2021-06-30 14:29:29'),(148,1,6,22,'2021-06-30 14:29:29'),(149,1,76,302,'2021-06-30 15:14:27'),(150,1,41,163,'2021-06-30 15:14:27'),(151,1,85,338,'2021-06-30 15:14:27'),(152,1,26,103,'2021-06-30 15:14:27'),(153,1,51,202,'2021-06-30 15:14:27'),(154,1,13,52,'2021-06-30 15:14:27'),(155,1,12,45,'2021-06-30 15:14:27'),(156,1,12,48,'2021-06-30 15:14:27'),(157,1,12,45,'2021-06-30 15:14:27'),(158,1,135,520,'2021-06-30 15:14:27'),(159,1,111,444,'2021-06-30 15:14:27'),(160,1,84,334,'2021-06-30 15:14:27'),(171,1,70,278,'2021-07-01 08:38:48'),(172,1,95,377,'2021-07-01 08:38:48'),(173,1,51,203,'2021-07-01 08:38:48'),(174,1,99,394,'2021-07-01 08:38:48'),(175,1,89,353,'2021-07-01 08:38:48'),(176,1,128,500,'2021-07-01 08:38:48'),(177,1,34,135,'2021-07-01 08:38:48');
/*!40000 ALTER TABLE `final_answers` ENABLE KEYS */;
UNLOCK TABLES;

--
-- Table structure for table `on_job`
--

DROP TABLE IF EXISTS `on_job`;
/*!40101 SET @saved_cs_client     = @@character_set_client */;
/*!50503 SET character_set_client = utf8mb4 */;
CREATE TABLE `on_job` (
  `IDon_job` int NOT NULL AUTO_INCREMENT,
  `IDs` int NOT NULL,
  `field` varchar(500) CHARACTER SET utf8mb4 COLLATE utf8mb4_0900_ai_ci NOT NULL,
  PRIMARY KEY (`IDon_job`),
  KEY `ids_87_idx` (`IDs`),
  CONSTRAINT `ids_87` FOREIGN KEY (`IDs`) REFERENCES `specialization` (`IDs`)
) ENGINE=InnoDB AUTO_INCREMENT=15 DEFAULT CHARSET=utf8mb4 COLLATE=utf8mb4_general_ci;
/*!40101 SET character_set_client = @saved_cs_client */;

--
-- Dumping data for table `on_job`
--

LOCK TABLES `on_job` WRITE;
/*!40000 ALTER TABLE `on_job` DISABLE KEYS */;
INSERT INTO `on_job` VALUES (2,3,'ΣΥΣΣΩΡΕΥΤΕΣ'),(3,3,'ΠΙΝΑΚΑΣ ΟΡΓΑΝΩΝ'),(4,3,'ΕΓΚΑΤΑΣΤΑΣΗ ΦΩΤΙΣΜΟΥ'),(5,4,'ΠΕΡΙΟΔΙΚΕΣ ΕΡΓΑΣΙΕΣ ΣΥΝΤΗΡΗΣΗΣ ΠΡΙΝ ΑΠΟ ΤΗΝ ΒΟΛΗ'),(6,4,'ΣΥΝΤΗΡΗΣΗ ΣΥΣΤΗΜΑΤΟΣ ΣΥΜΠΛΗΡΩΤΗ'),(7,4,'ΕΛΕΓΧΟΣ, ΠΛΗΡΩΣΗ ΚΑΙ ΕΚΚΕΝΩΣΗ ΑΖΩΤΟΥ ΤΗΣ ΔΕΞΑΜΕΝΗΣ'),(8,4,'ΤΕΧΝΙΚΗ ΟΠΙΣΘΟΔΡΟΜΗΣΗ ΣΩΛΗΝΑ'),(9,4,'ΑΛΛΑΓΗ ΥΔΡΑΥΛΙΚΟΥ ΕΛΑΙΟΥ'),(10,4,'ΕΛΕΓΧΟΣ ΘΑΛΑΜΟΥ ΛΙΠΑΝΣΕΩΣ ΕΣΩΤΕΡΙΚΑ ΚΑΙ ΕΞΩΤΕΡΙΚΑ'),(11,4,'ΕΛΕΓΧΟΣ, ΠΛΗΡΩΣΗ ΚΑΙ ΕΚΚΕΝΩΣΗ ΑΖΩΤΟΥ ΤΟΥ ΕΠΑΝΑΤΑΚΤΗ'),(12,4,'ΠΛΗΡΩΣΗ ΧΑΛΙΝΩΤΗΡΩΝ'),(13,4,'ΕΛΕΓΧΟΣ ΠΙΕΣΗΣ ΑΖΩΤΟΥ ΚΥΡΙΟΥ ΣΥΣΣΩΡΕΥΤΗ'),(14,4,'ΛΥΣΗ-ΑΡΜΟΛΟΓΗΣΗ ΚΛΕΙΣΤΡΟΥ');
/*!40000 ALTER TABLE `on_job` ENABLE KEYS */;
UNLOCK TABLES;

--
-- Table structure for table `questions`
--

DROP TABLE IF EXISTS `questions`;
/*!40101 SET @saved_cs_client     = @@character_set_client */;
/*!50503 SET character_set_client = utf8mb4 */;
CREATE TABLE `questions` (
  `IDq` int NOT NULL AUTO_INCREMENT,
  `IDs` int NOT NULL,
  `question` varchar(150) CHARACTER SET utf8mb4 COLLATE utf8mb4_0900_ai_ci NOT NULL,
  `image_q` longblob,
  PRIMARY KEY (`IDq`),
  KEY `IDs_idx` (`IDs`),
  CONSTRAINT `IDs` FOREIGN KEY (`IDs`) REFERENCES `specialization` (`IDs`) ON DELETE RESTRICT ON UPDATE RESTRICT
) ENGINE=InnoDB AUTO_INCREMENT=1175 DEFAULT CHARSET=utf8mb4 COLLATE=utf8mb4_general_ci;
/*!40101 SET character_set_client = @saved_cs_client */;

--
-- Dumping data for table `questions`
--

LOCK TABLES `questions` WRITE;
/*!40000 ALTER TABLE `questions` DISABLE KEYS */;
INSERT INTO `questions` VALUES (1,3,'Από πόσες μπαταρίες αποτελείται το Μ109 Α5; ',NULL),(2,3,'Από τι υλικό είναι κατασκευασμένοι οι πόλοι μιας μπαταρίας;',NULL),(3,3,'Ποια η συνδεσμολογία των μπαταριών;',NULL),(4,3,'Πόσων Amper Μπαταρίες χρησιμοποιούμε στο Μ109 Α5;',NULL),(5,3,'Από πόσους πόλους αποτελείται μια μπαταρία;',NULL),(6,3,'Πόσους ρευματολήπτες έχει το Μ109 Α5;',NULL),(7,3,'Σε τι ποσοστό χωρητικότητας επαναφορτίζουμε μια μπαταρία;',NULL),(8,3,'Σε τι ποσοστό χωρητικότητας φορτίζεται μια μπαταρία στην πρώτη φόρτιση;',NULL),(9,3,'Έχουμε 3 μπαταρίες συνδεδεμένες παράλληλα των 100Α. Πόσα Amper πρέπει να δίνει ο ανορθωτής του φορτιστή;',NULL),(10,3,'Πόσα στοιχεία έχει μια μπαταρία (12V?100AH)',NULL),(11,3,'Πόση τάση παράγουν οι μπαταρίες όταν είναι τοποθετημένες στη σωστή συνδεσμολογία στο Μ109 Α5;',NULL),(12,3,'Τι τάση παράγουν οι μπαταρίες όταν είναι τοποθετημένες στη σωστή συνδεσμολογία στο Μ109 Α5;',NULL),(13,3,'Όταν συνδέουμε μπαταρίες σε σειρά τι ίδιο πρέπει να έχουν;',NULL),(14,3,'Όταν συνδέουμε μπαταρίες παράλληλα τι ίδιο πρέπει να έχουν;',NULL),(15,3,'Τι είδους μπαταρίες υπάρχουν;',NULL),(16,3,'Πόσο ειδικό βάρος έχει το θειικό οξύ για την δημιουργία ηλεκτρολύτη;',NULL),(17,3,'Με τι αραιώνουμε το θειικό οξύ ώστε ο ηλεκτρολύτης να έρθει στο επιθυμητό ειδικό βάρος;',NULL),(18,3,'Πόσο είναι το κανονικό ειδικό βάρος ενός ηλεκτρολύτη όταν τον αραιώσουμε με αποσταγμένο νερό;',NULL),(19,3,'Πόση τάση παράγει μια μπαταρία 100ΑΗ του Μ109 Α5;',NULL),(20,3,'Πόσοι τρόποι συνδεσμολογίας υπάρχουν;',NULL),(21,3,'Ποιοι τρόποι συνδεσμολογίας μπαταριών υπάρχουν;',NULL),(22,3,'Αν ο αρθρωτής τάσεως του μηχανήματος φόρτισης είναι 48V πόσους συσσωρευτές τάσεως 12V και 100ΑΗ μπορούν να φορτιστούν σε σειρά;',NULL),(23,3,'Αν έχουμε 2 μπαταρίες των 12V και 10ΑΗ συνδεδεμένες σε σειρά πόση τάση παράγουν;',NULL),(24,3,'Σε μια παράλληλη σύνδεση τι παραμένει σταθερό;',NULL),(25,3,'Σε μια παράλληλη σύνδεση τι αυξάνεται ανάλογα με τους συσσωρευτές ώστε να έχουμε μια ομαλή επαναφόρτιση;',NULL),(26,3,'Τι χρησιμοποιούμε για να σχηματιστεί ηλεκτρολύτης;',NULL),(27,3,'Πόσο πρέπει να είναι το ειδικό βάρος του ηλεκτρολύτη στους 27°C σε κάθε στοιχείο;',NULL),(28,3,'Σε πια θερμοκρασία πρέπει να μετράμε το ειδικό βάρος του ηλεκτρολύτη ενός στοιχείου ώστε να είναι 1280-1290;',NULL),(29,3,'Που σημειώνουμε το ειδικό βάρος ενός συσσωρευτή μετά την επαναφόρτιση;',NULL),(30,3,'Έχουμε 3 συσσωρευτές των 12V και 100ΑΗ. Αν τους συνδέσουμε παράλληλα πόση τάση δίνουν και οι 3 μαζί;',NULL),(31,3,'Έχουμε 2 συσσωρευτές 12V και 100ΑΗ. Τι συνδεσμολογία πρέπει να κάνουμε για να έχουμε 24V απόδοση;',NULL),(32,3,'Από τι υλικό είναι κατασκευασμένες οι πλάκες ενός συσσωρευτή υγρού τύπου;',NULL),(33,3,'Έχουμε 6 συσσωρευτές 12V και 100ΑΗ συνδεδεμένους σε σειρά. Πόση είναι η συνολική τάση που βγάζουν;',NULL),(34,3,'Έχουμε 6 συσσωρευτές 12V και 100ΑΗ συνδεδεμένους παράλληλα. Πόση είναι η τάση που δίνουν;',NULL),(35,3,'Χρησιμοποιούμε θειικό οξύ ειδικού βάρους 1855 για την κατασκευή ηλεκτρολύτη. Για να κάνουμε το ειδικό βάρος 1400, ποια είναι η αναλογία νερού και οξέο',NULL),(36,3,'Κάθε πότε πρέπει να γίνεται ο έλεγχος της στάθμης του ηλεκτρολύτη;',NULL),(37,3,'Που πρέπει να βρίσκεται η στάθμη του ηλεκτρολύτη από τις πλάκες του συσσωρευτή;',NULL),(38,3,'Τι ελέγχουμε, επιθεωρούμε κατά την παραλαβή συσσωρευτών για επαναφόρτιση;',NULL),(39,3,'Όταν βλέπουμε ότι η στάθμη του ηλεκτρολύτη είναι χαμηλή τι κάνουμε;',NULL),(40,3,'Έχουμε 5 συσσωρευτές (12V-100AH) συνδεδεμένους σε σειρά. Πόση είναι η συνολική τάση της συνδεσμολογίας;',NULL),(41,3,'Πόσης χωρητικότητας μπαταρίες παίρνει το Μ109 Α5;',NULL),(42,3,'Όταν φθαρεί ένας πόλος ενός συσσωρευτή, τι ενέργειες κάνουμε;',NULL),(43,3,'Για να συνδέσουμε δύο μπαταρίες σε σειρά τι κάνουμε;',NULL),(44,3,'Για να συνδέσουμε δυο μπαταρίες παράλληλα ποιες ενέργειες κάνουμε;',NULL),(45,3,'Όταν έχουμε συσσωρευτές ίδιας χωρητικότητας αλλά διαφορετικής τάσης, τι συνδεσμολογία μπορούμε να κάνουμε για να έχουμε ομαλή επαναφόρτιση;',NULL),(46,3,'Όταν έχουμε ίδιας τάσης συσσωρευτές αλλά διαφορετικής χωρητικότητας, τι συνδεσμολογία κάνουμε για να έχουμε ομαλή επαναφόρτιση;',NULL),(47,3,'Τι είδους ρεύμα δίνουν οι συσσωρευτές',NULL),(48,3,'Πόσα είδη ρεύματος υπάρχουν;',NULL),(49,3,'Ποια είδη ρεύματος υπάρχουν;',NULL),(50,3,'Ποιο είδος ρεύματος μπορεί να αποθηκευτεί σε συσσωρευτή;',NULL),(51,3,'Ρεύμα είναι η επιτάχυνση των …..... μέσα σε έναν αγωγό.',NULL),(52,3,'Κατά την σύνδεση των συσσωρευτών στο άρμα ποιο πόλο συνδέουμε πρώτα;',NULL),(53,3,'Αφού συνδέσουμε τον θετικό πόλο κατά την σύνδεση των συσσωρευτών στο άρμα. Ποια ενέργεια κάνουμε μετά;',NULL),(54,3,'Κατά την σύνδεση των συσσωρευτών στο άρμα, ποια ενέργεια γίνεται τελευταία;',NULL),(55,3,'Τι χρώμα είναι βαμμένο το καλώδιο το οποίο συνδέεται στο θετικό πόλο μιας μπαταρίας;',NULL),(56,3,'Κατά την σύνδεση των συσσωρευτών στο άρμα βλέπουμε ένα κόκκινο καλώδιο. Σε ποιο πόλο από τις μπαταρίες θα το συνδέσουμε;',NULL),(57,3,'Όταν κάνουμε γείωση σε ένα άρμα τι φορτίο παίρνουμε;',NULL),(58,3,'Τι χρώμα συνδέουμε στον αρνητικό πόλο μιας μπαταρίας ως γείωση;',NULL),(59,3,'Αν ακουμπήσουμε το άρμα σε ένα οποιοδήποτε μεταλλικό σημείο χωρίς χρώμα, τι φορτίο θα πάρουμε;',NULL),(60,3,'Με ποιους από τους παρακάτω τρόπους μπορούμε να κάνουμε γείωση σε ένα άρμα;',NULL),(61,3,'Έχουμε ένα μαύρο καλώδιο (γείωσης). Σε ποιον πόλο από μια μπαταρία θα το συνδέσουμε;',NULL),(62,3,'Πως ονομάζεται ο τρόπος με τον οποίο παίρνουμε αρνητικό φορτίο από ένα άρμα;',NULL),(63,3,'Όταν συνδέσουμε την γέφυρα, ποιους πόλους μεταξύ των μπαταριών συνδέουμε;',NULL),(64,3,'Πόσες μπαταρίες (12V-100AH) έχει ένα Μ109 Α5;',NULL),(65,3,'Πόσους φυσητήρες έχει το Μ109 Α5;',NULL),(66,3,'Τι ενέργειες κάνουμε αν υπάρχει κάποια ραγισμένη, σκισμένη ή φθαρμένη μόνωση καλωδίων;',NULL),(67,3,'Τι ενέργειες κάνουμε αν υπάρχουν θραυσμένες, ραγισμένες ή φθαρμένες ενώσεις;',NULL),(68,3,'Τι ενέργειες κάνουμε όταν υπάρχουν ραγισμένα, θραυσμένα ή φθαρμένα περιβλήματα ηλεκτρικών εξαρτημάτων (κύριο ηλεκτρονόμο, γεννήτρια, ανορθωτή, ρυθμιστ',NULL),(69,3,'Όταν ανοίγουμε το master τι ενεργοποιούμε;',NULL),(70,3,'Ποια η χρησιμότητα του διακόπτη νεκρού σημείου;',NULL),(71,3,'Όταν ο κινητήρας δεν περιστρέφεται και όλα τα ηλεκτρικά εξαρτήματα λειτουργούν. Που κάνουμε έλεγχο για βλάβες;',NULL),(72,3,'Πως διεγείρεται ο κύριος ηλεκτρονόμος;',NULL),(73,3,'Τι σχέση στροφών έχει το γρανάζι του εκκινητήρα (μίζα) και του γραναζιού του βολάν;',NULL),(74,3,'Τι μορφή ενέργειας δέχεται ο εκκινητήρας και σε τι μορφή την μετατρέπει;',NULL),(75,3,'Τι μορφή ενέργειας δέχεται η γεννήτρια και σε τι την μετατρέπει;',NULL),(76,3,'Κατά την προληπτική συντήρηση των ηλεκτρικών ενώσεων, σε ποιες ενέργειες προβαίνουμε;',NULL),(77,3,'Η προληπτική συντήρηση 2ου κλιμακίου στο Μ109 Α5 διεξάγεται:',NULL),(78,3,'Ποιες οι εργασίες συντηρήσεως στο Μ109 Α2;',NULL),(79,3,'Ποια από τις παρακάτω βλάβες είναι πιθανόν να πάθει μια γεννήτρια;',NULL),(80,3,'Πως μετριέται η τάση μιας γεννήτριας κατά την λειτουργία της;',NULL),(81,3,'Πως μετριέται η ένταση της γεννήτριας κατά την λειτουργία της;',NULL),(82,3,'Με πολύμετρο μπορούμε να μετρήσουμε την 	 της γεννήτριας.',NULL),(83,3,'Ποια από τις παρακάτω είναι βλάβη που μπορεί να πάθει μια γεννήτρια',NULL),(84,3,'Ποιος είναι ο σκοπός του αντιπαρασιτικού πυκνωτή της γεννήτριας;',NULL),(85,3,'Κατά την βραχυκύκλωση του αντιπαρασιτικού πυκνωτή της γεννήτριας, λόγω του ότι έχει πηνία, η διακοπή του ρεύματος φέρνει στιγμιαία υπέρταση. Ποιος απο',NULL),(86,3,'Ποιος είναι ο ρόλος του αυτόματου ρυθμιστή στο σύστημα φορτίσεως;',NULL),(87,3,'Ποιο όργανο ρυθμίζει την τάση και την ένταση στο σύστημα φορτίσεως;',NULL),(88,3,'Ποιος είναι ο ρόλος των αντιστάσεων στον αυτόματο ρυθμιστή;',NULL),(89,3,'Ποια η αρχή της λειτουργίας του ηλεκτροκινητήρα;',NULL),(90,3,'Ποιες ενέργειες γίνονται όταν διαπιστωθεί ότι δεν έχουμε φόρτιση από τη γεννήτρια;',NULL),(91,3,'Κάτω από ποιες συνθήκες μπορούμε να αντικαταστήσουμε την γεννήτρια;',NULL),(92,3,'Πως μαγνητίζεται μια γεννήτρια;',NULL),(93,3,'Από πού δέχεται ρεύμα η γεννήτρια για να μαγνητιστεί;',NULL),(94,3,'Μέσω ποιου οργάνου μεταδίδεται ρεύμα στη γεννήτρια από τους συσσωρευτές;',NULL),(95,3,'Μέσω ποιου οργάνου μεταδίδεται ρεύμα στου συσσωρευτές από την γεννήτρια;',NULL),(96,3,'Πως λειτουργεί ο θερμαντήρας του άρματος;',NULL),(97,3,'Ποιος ο σκοπός του θερμαντήρα;',NULL),(98,3,'Τι επιπλέον κάνει o θερμαντήρας του LEO από τα υπόλοιπα άρματα;',NULL),(99,3,'Πως ο θερμαντήρας θερμαίνει τον αέρα;',NULL),(100,3,'Ποιος ο σκοπός των φυσητήρων;',NULL),(101,3,'Με πόση τάση διεγείρεται μια γεννήτρια στο Μ109 Α5',NULL),(102,3,'Πόση είναι η τάση που παράγει μια γεννήτρια στο Μ109 Α2.',NULL),(103,3,'Ποια είναι η τιμή της τάσης που κρατάει σταθερή ο ανορθωτής στο Μ109 Α2',NULL),(104,3,'Όταν έχουμε εξαιρετικά χαμηλή στάθμη των υγρών ενός συσσωρευτή, τι παρατηρούμε;',NULL),(105,3,'Εάν οι κινητήρες του φυσητήρα λειτουργούν συνεχώς σε πόση ώρα μπορεί να εκφορτιστούν οι μπαταρίες;',NULL),(106,3,'Πως μπορούμε να βραχυκυκλώσουμε μια μπαταρία.',NULL),(107,3,'Τι προκαλεί βραχυκύκλωμα στους συσσωρευτές.',NULL),(108,3,'Όταν έχουμε κανονική ένδειξη τάσης στους συσσωρευτές αλλά δεν έχουμε ένδειξη στον κύριο ηλεκτρονόμο ποια είναι η πιθανή βλάβη;',NULL),(109,3,'Ποιες από τις παρακάτω είναι πιθανές βλάβες που μπορεί να πάθει ο ηλεκτρονόμος. ',NULL),(110,3,'Πως μεταδίδεται η κίνηση από τον εκκινητήρα στον στρόφαλο.',NULL),(111,3,'Τι ρεύμα δίνουν οι μπαταρίες.',NULL),(112,3,'Τι ονομάζουμε ένταση ηλεκτρικού φορτίου.',NULL),(113,3,'Όταν βάζουμε την όπισθεν στο Μ109 Α5, τι χρώμα λαμπάκι ανάβει;',NULL),(114,3,'Τι είδη φώτων υπάρχουν σε ένα Μ109 Α5;',NULL),(115,3,'Από τι υλικό είναι κατασκευασμένο το μεταλικό μέρος των καλωδίων;',NULL),(116,3,'Η μικτή συνδεσμολογία των συσσωρευτών μας παρέχει:',NULL),(117,3,'Όταν ο εκκινητήρας δεν λειτουργεί ενώ ενεργοποιούμαι (πατάμε) το κομβίο εκκίνησης ελέγχουμε:',NULL),(118,3,'Όταν η προθέρμανση δεν λειτουργεί ελέγχουμε:',NULL),(119,3,'Ενώ ο κινητήρας λειτουργεί δεν γίνεται φόρτιση:',NULL),(120,3,'Η διέγερση της γεννήτριας τροφοδοτείται με ρεύμα:',NULL),(121,3,'Στο σύστημα προθερμάνσεως ο αναφλεκτήρας είναι τοποθετημένος:',NULL),(122,3,'Που βρίσκεται ο διακόπτης νεκρού σημείου:',NULL),(123,3,'Ο διακόπτης νεκρού σημείου δεν επιτρέπει τη λειτουργία:',NULL),(124,3,'Τι είδους ασφάλεια έχει το σύστημα εκκίνησης και που βρίσκεται:',NULL),(125,3,'Ποιες οι πιθανές αιτίες όταν πατάμε το διακόπτη της μίζας και η μίζα δεν λειτουργεί:',NULL),(126,3,'Ενώ πατάμε το διακόπτη της μίζας και ακούγεται ένας θόρυβος (τακ), η μίζα δεν λειτουργεί:',NULL),(127,3,'Η μίζα λειτουργεί αλλά δεν περιστρέφεται ο κινητήρας:',NULL),(128,3,'Το σύστημα φορτίσεως αποτελείται από:',NULL),(129,3,'Τι εργασίες κάνει ο ανορθωτής:',NULL),(130,3,'Ο υδραυλικός διακόπτης που βρίσκεται δεξιά του οδηγού δίνει ρεύμα:',NULL),(131,3,'Ο ηλεκτρονόμος λειτουργίας των κινητήρων φίλτρου-αέρα βρίσκεται:',NULL),(132,3,'Σε ποια τάση θα πρέπει να ρυθμίσουμε τον αυτόματο ρυθμιστή:',NULL),(133,3,'Ποσους συσσωρευτές διαθέτει το όχημα:',NULL),(134,3,'Όταν αφαιρούμε τους συσσωρευτές από το όχημα θα πρέπει:',NULL),(135,3,'Δυο συσσωρευτές μπορούν να συνδεθούν εν σειρά:',NULL),(136,3,'Πως ελέγχεται η μη κανονική ρύθμιση των ερπυστριών;',NULL),(137,3,'Που τοποθετείται ο μοχλός ταχυτήτων κατά τη διάρκεια της βολής ;',NULL),(138,3,'Ποιες οι ενέργειες για τη ρυμούλκηση του φορέα σε περίπτωση ακινησίας ;',NULL),(139,3,'Ποιες είναι οι ενέργειες κατά σειρά για να τεθεί σε λειτουργία ο κινητήρας ',NULL),(140,3,'Ποια η μέγιστη προς τα εμπρός και  προς τα πίσω ταχύτητα κινήσεως του πυροβόλου;',NULL),(141,3,'Ποια η αυτονομία του πυροβόλου για κίνηση;',NULL),(142,3,'Ποια τα καθήκοντα του ΟΔΑ/Κ κατά τη βολή',NULL),(143,3,'Οι σταθεροί πυροσβεστήρες δεν λειτουργούν :',NULL),(144,3,'Εάν καθώς κινείται το όχημα βγει η ερπύστρια :    ',NULL),(145,3,'Η χωρητικότητα των δεξαμενών καυσίμων (συνολικά) του Μ109 είναι:',NULL),(146,3,'Η τάση της ερπύστριας μετριέται :',NULL),(147,3,'Πότε αντικαθίστανται οι εδαφικοί τροχοί ;',NULL),(148,3,'Κατά τη ρυμούλκηση ακινητοποιημένου  οβιδοβόλου ο μοχλός ταχυτήτων σε ποια θέση είναι;',NULL),(149,3,'Πως γίνεται η εκκίνηση και λειτουργία του θερμαντήρα προσωπικού;',NULL),(150,3,'Εάν θέλουμε να ελαττώσουμε την τάση της ερπύστριας:',NULL),(151,3,'Ποια είναι η κλάση του οβιδοβόλου Μ109;',NULL),(152,3,'Η τάση της ερπύστριας μετράται σωστά όταν:',NULL),(153,3,'Ποια η καλύτερη μέθοδος ρυμούλκησης οβιδοβόλου για μεγάλες αποστάσεις;',NULL),(154,3,'Ποιες ενδείξεις έχει το όργανο φορτίσεως συσσωρευτών και τι σημαίνει η κάθε μία ;',NULL),(155,3,'Πώς γίνεται η εκκίνηση του πυροβόλου στην ανηφόρα;',NULL),(156,4,'Ο ισορροπητής του οβιδοβόλου: ',NULL),(157,4,'Το υδραυλικό σύστημα του πύργου του πυροβόλου, χρησιμεύει για:',NULL),(158,4,'Το βαλλιστικό κάλυμμα της διόπτρας. ',NULL),(159,4,'Το υδραυλικό σύστημα του οβιδοβόλου είναι πλήρης φορτισμένο όταν το μανόμετρο της δεξαμενής ελαίου έχει ένδειξη:',NULL),(160,4,'H περιοχή πιέσεων για ασφαλή βολή του συμπληρωτή του οβιδοβόλου είναι:',NULL),(161,4,'Ένα υδραυλικό σύστημα δεχόμαστε ότι έχει διαρροή ελαίου, όταν:',NULL),(162,4,'Ο εμβολέας χρησιμοποιείται για να:',NULL),(163,4,'Προ της βολής και μετά από 100 βλήματα συνεχούς βολής ελέγχουμε τους πύρους επανατάκτη, αν:',NULL),(164,4,'Όταν ο μηχανισμός πυροδότησης δεν λειτουργεί τότε πιθανώς:',NULL),(165,4,'Από τη θαλάμη του κλείστρου διοχετεύεται στο κοίλο του σωλήνα:',NULL),(166,4,'Η σταθεροποίηση του κλείστρου μέσα στον σωλήνα, γίνεται με:',NULL),(167,4,'Οι ……..στηρίξεως βραχίωνος του πυγαίου, πρέπει να:',NULL),(168,4,'Μετά από κάθε βολή καθαρίζουμε και λιπαίνουμε το σωλήνα το κοίλο και τη θαλάμη:',NULL),(169,4,'Ο διακόπτης ισχύος πύργου, βρίσκεται:',NULL),(170,4,'Ο πύργος του οβιδοβόλου, κινείται:',NULL),(171,4,'Ο σωλήνας του οβιδοβόλου, κινείται:',NULL),(172,4,' Η βραδεία χειροκίνητος ανύψωση σου σωλήνα, γίνεται από μια χειρολαβή η οποία βρίσκεται:',NULL),(173,4,'Η ευθυγράμμιση των σκοπευτικών με το οβιδοβόλο, επιτυγχάνεται με:',NULL),(174,4,'Η απόσταση της οπίσθιας επιφάνειας του σωλήνα του οβιδοβόλου και η οπίσθια επιφάνεια του πηγαίου δεν πρέπει να είναι μεγαλύτερη των:',NULL),(175,4,'Το κλείστρο του οβιδοβόλου, είναι κανονικά κλειστό όταν:',NULL),(176,4,'Ο εμβολισμός του βλήματος στον σωλήνα γίνεται:',NULL),(177,4,'Όταν ο εμβολέας είναι κατάλληλα τοποθετημένος και ασφαλισμένος, τότε ο δείκτης βρίσκετα:',NULL),(178,4,'Το συγκρότημα του μηχανισμού πυροδοτήσεως πρέπει:',NULL),(179,4,'Η έναυση του προωθητικού γεμίσματος λόγω της θερμάνσεως του σωλήνα, λέγεται:',NULL),(180,4,'Η επιβράδυνση στην λειτουργία του εμπυρεύματος, εναύσματος ή προωθητικού γεμίσματος λέγεται: ',NULL),(181,4,'Η βραδυφλογία εμπυρεύματος, εναύσματος ή γεμίσματος κυμαίνεται:',NULL),(182,4,'Όταν το οβιδοβόλο δεν εκπυρσοκροτεί μετά από μια προσπάθεια πυροδοτήσεως, τότε υπάρχει:',NULL),(183,4,'Όταν το βλήμα δεν εξέλθει του σωλήνα, τότε έχουμε: ',NULL),(184,4,'Όταν το εμπύρευμα δεν απορρίπτεται κανονικά:',NULL),(185,4,'Όταν υπάρχει διαφυγή αερίων από τον κορμό του κλείστρου:',NULL),(186,4,'Όταν το οβιδοβόλο παρουσιάζει απότομη λειτουργία οπισθοδρόμησης:',NULL),(187,4,'Όταν το οβιδοβόλο επανατάσσεται με υπερβολική δύναμη:',NULL),(188,4,'Όταν ο σωλήνας του οβιδοβόλου ανυψώνεται με δυσκολία:',NULL),(189,4,'Όταν ο σωλήνας του οβιδοβόλου δεν ανυψώνεται:',NULL),(190,4,'Η βαλβίδα του ισορροπητού (κομβίο) είναι χρώματος;',NULL),(191,4,'Η βαλβίδα αποστραγγίσεως (κομβίο) είναι χρώματος;',NULL),(192,4,'Ο έλεγχος μηδενικής πίεσης δείχνει:',NULL),(193,4,'Η πίεση αζώτου στον κυρίως κύλινδρο, πρέπει να είναι:',NULL),(194,4,'Η κύρια δεξαμενή ισχύος του οβιδοβόλου περιέχει:',NULL),(195,4,'Ο προσδιορισμός ζωής του σωλήνα του οβιδοβόλου, συνίσταται με την μετατροπή των εκτελεσθέντων βολών',NULL),(196,4,'Το εμπρόσθιο και οπίσθιο τμήμα του χαληνωτηρίου εξαερώνεται:',NULL),(197,4,'Το σύστημα οπισθοδρομήσεως εξαερώνεται:',NULL),(198,4,'Οι υποδοχές της βαλβίδας του εκκενωτή επαλείφονται ελαφρώς ',NULL),(199,4,'Οι υποδοχές της βαλβίδας του εκκενωτή καθαρίζονται: ',NULL),(200,4,'Η κλείδα ροπής στρέψεως αφαιρείται και μετράται:',NULL),(201,4,'Η κανονική τάση του έκκεντρου του κλείστρου είναι:',NULL),(202,4,'Ο εμφρακτήρας βρίσκεται:',NULL),(203,4,'Η τοποθέτηση πλήρους βλήματος εντός του οβιδοβόλου, περιλαμβάνει:',NULL),(204,4,'Η ζώνη σφηνώσεως σε ένα βλήμα, υπάρχει για:',NULL),(205,4,'Όταν στην δεξαμενή υδραυλικής ισχύος ο μετρητής πιέσεως δείχνει ‘’ZERO’’ τότε η στάθμη του υγρού πρέπει να βρίσκεται μέχρι την ένδειξη:',NULL),(206,4,'Το σύστημα του ισορροπητή επιτρέπει την ομαλή:',NULL),(207,4,'Ο κύλινδρος ανυψώσεως του οβιδοβόλου, έχει',NULL),(208,4,'Το γυαλί του βαλλιστικού καλύμματος της διόπτρας αντικαθίσταται ',NULL),(209,4,'Ο έλεγχος μηχανισμού μεταβλητής οπισθοδρόμησης γίνεται με ',NULL),(210,4,'Η τεχνητή οπισθοδρόμηση γίνεται:',NULL),(211,4,'Η σωληνοσκόπηση και η σωληνομέτρηση γίνεται από:',NULL),(212,4,'Στην δεξαμενή υδραυλικού συστήματος πότε έχουμε ακριβή ένδειξη στη ράβδο μετρήσεως της στάθμης λαδιού.',NULL),(213,4,'Μετά από βολή για πόσες μέρες καθαρίζουμε με λάδι κοίλου κάννης τον σωλήνα;',NULL),(214,4,'Ποια είδη καθαρισμού του σωλήνα υπάρχουν;',NULL),(215,4,'Οι ραβδώσεις του κλείστρου λιπαίνονται ελαφρά με:',NULL),(216,4,'Με τι καθαρίζεται ο πλαστικός εμφρακτήρας ;',NULL),(217,4,'O επαναπληρωτής, τι πίεση πρέπει να έχει πρίν από τη βολή;',NULL),(218,4,'Κατά τη συντήρηση, το έμβολο βαλβίδας εμφράξεως εμβολέα και ο κύλινδρος, λιπαίνονται με:',NULL),(219,4,'Ποια είναι τα χρονικά διαστήματα συντήρησης ενός οβιδοβόλου;',NULL),(220,4,'Πότε καθαρίζουμε και λιπαίνουμε τα πέδη του στομίου κάννης;',NULL),(221,4,'Η θήκη μεταβλητής οπισθοδρομήσεως λιπαίνεται με:',NULL),(222,4,'Ποιος είναι υπεύθυνος για την συντήρηση 1ου και 2ου κλιμακίου της σκευής της μονάδος του;',NULL),(223,4,'Ποιος είναι υπεύθυνος για την συντήρηση 1ου κλιμακίου της σκευής της μονάδος του;',NULL),(224,4,'Ποιος είναι υπεύθυνος για την συντήρηση 2ου κλιμακίου της σκευής της μονάδος του;',NULL),(225,4,'Η συντήρηση σε επίπεδο μονάδας περιλαμβάνει:',NULL),(226,4,'Τι καθορίζει η διαταγή λιπάνσεως ;',NULL),(227,4,'Τα πυροβόλα που δεν εκτελούν βολή πέραν του έτους ',NULL),(228,4,'Σε περίπτωση έλλειψης ελαίου, το χαληνωτήριο λιπαίνεται με:',NULL),(229,4,'Ο πλαστικός εμφρακτήρας που είναι κατασκευασμένος από συμπαγές ελαστικό νεοπρίνιο, λέγεται:',NULL),(230,4,'Ο πλαστικός εμφρακτήρας που είναι κατασκευασμένος από συνθετική ουσία και συρμάτινο πλέγμα, λέγεται:',NULL),(231,4,'Σε θερμοκρασίες -32°C και κάτω, καταλληλότερος είναι ο πλαστικός εμφρακτήρας τύπου:',NULL),(232,4,'Τεχνική συντήρηση ονομάζεται η συντήρηση:',NULL),(233,4,'Η τεχνική συντήρηση περιλαμβάνει:',NULL),(234,4,'Ποιος εκδίδει διαταγή τροποποίησης πυροβόλου;',NULL),(235,4,'Η επιθεώρηση των πυροβόλων διακρίνεται σε:',NULL),(236,4,'Οι τεχνικές επιθεωρήσεις των πυροβόλων, είναι:',NULL),(237,4,'Τα ατυχήματα κατά την βολή έχουν συνήθως ως αποτέλεσμα.',NULL),(238,4,'Τα ατυχήματα κατά την βολή οφείλονται:',NULL),(239,4,'Τα ατυχήματα στον πλήρη σωλήνα του πυροβόλου οφείλονται:',NULL),(240,4,'Τα ατυχήματα στο έλκηθρο του πυροβόλου, οφείλονται:',NULL),(241,4,'Κάθε πότε εκτελείται τεχνητή οπισθοδρόμηση σε πυροβόλα αμερικάνικης προέλευσης;',NULL),(242,4,'Η εκτέλεση της τεχνητής οπισθοδρόμησης ',NULL),(243,4,'Τα κατευθυνόμενα βλήματα χαρακτηρίζονται από',NULL),(244,4,'Τι ονομάζεται βλητική τροχιά;',NULL),(245,4,'Με κριτήριο την φυσική κατάσταση του καυσίμου του πυραυλοκινητήρα σε ποιες κατηγορίες διακρίνονται;',NULL),(246,4,'Για την κάθαρση του οβιδοβόλου χρησιμοποιούμε:',NULL),(247,4,'Ένας τρόπος καταστροφής του οβιδοβόλου ώστε να αποφευχθεί η χρήση του από τον εχθρό, είναι:',NULL),(248,4,'Ο δευτερεύων εξοπλισμός του οβιδοβόλου είναι:',NULL),(249,4,'To συγκρότημα ισχύος χαρακτηρίζεται από μια:',NULL),(250,4,'Ο σειριακός αριθμός του σωλήνα, βρίσκεται στο/στην:',NULL),(251,4,'Ο σειριακός αριθμός του κλείστρου, βρίσκεται:',NULL),(252,4,'Ο σειριακός αριθμός του κλισιοσκοπίου Μ/5 βρίσκεται:',NULL),(253,4,'Ο σειριακός αριθμός της βάσης του τηλεσκοπίου Μ 145 Α1 βρίσκεται:',NULL),(254,4,'Ο σειριακός αριθμός του συγκροτήματος ισχύος, βρίσκεται:',NULL),(255,4,'Η διαφορά του Μ109 Α2 με το Μ109 Α4 είναι ότι;',NULL),(256,4,'Το συγκρότημα του πυροβόλου στο Μ109 Α4, λέγεται:',NULL),(257,4,'Το συγκρότημα του πυροβόλου στο Μ109 Α5, λέγεται:',NULL),(258,4,'H βάση του πυροβόλου στο Μ109 Α4 λέγεται:',NULL),(259,4,'H βάση του πυροβόλου στο Μ109 Α5 λέγεται:',NULL),(260,4,'Ο πυροδοτικός μηχανισμός των Μ109 Α2, Μ109 Α3, Μ109 Α4,  λέγεται:',NULL),(261,4,'Ο πυροδοτικός μηχανισμός του Μ109 Α5,  λέγεται:',NULL),(262,4,'Το συγκρότημα ισχύος των Μ109 Α2 και Μ109 Α3, έχει:',NULL),(263,4,'Το συγκρότημα ισχύος των Μ109 Α4 και Μ109 Α5, έχει:',NULL),(264,4,'Πόσα στηρίγματα περιστροφικού δακτυλίου πύργου, έχουν τα Μ109 Α5;',NULL),(265,4,'Ο μηχανισμός περιστροφής του Μ109 Α5 έχει',NULL),(266,4,'Ο τύπος της βάσης του πυροβόλου είναι ',NULL),(267,4,'Η τάση του ηλεκτρικού συστήματος του πυροβόλου είναι:',NULL),(268,4,'Το οβιδοβόλο Μ109 Α5 έχει πυροβόλο διαμετρήματος ',NULL),(269,4,'H διαδρομή του βλήματος στο πυροβολητή του Μ109 Α5 είναι',NULL),(270,4,'To πανοραμικό τηλεσκόπιο του Μ109 Α5 λέγεται:',NULL),(271,4,'Το αγκωνωτό τηλεσκόπιο του Μ109 Α5 λέγεται',NULL),(272,4,'Ο σωλήνας του πυροβόλου στηρίζεται',NULL),(273,4,'Το φρένο ταχύτητας του σωλήνα',NULL),(274,4,'Ο μηχανισμός μεταβλητής οπισθοδρόμησης ',NULL),(275,4,'Ο επανατάκτης ',NULL),(276,4,'Το συγκρότημα αποσβεστήρα της αντί – οπισθοδρόμησης ',NULL),(277,4,'Ο ισορροπητής έχει αποστολή να',NULL),(278,4,'Στους ελέγχους υγρών και πιέσεων στο οβιδοβόλο, περιλαμβάνεται και ο',NULL),(279,4,'Όταν το κλείστρο δεν κλείνει τελείως ',NULL),(280,4,'Όταν το κλείστρο δεν ανοίγει αυτόματα',NULL),(281,4,'Όταν το πυροβόλο οπισθοδρομεί απότομα',NULL),(282,4,'Όταν το πυροβόλο οπισθοδρομεί υπερβολικά σε μεγάλη γωνία πυροδότησης ',NULL),(283,4,'Όταν το πυροβόλο δεν επιστρέφει στην αρχική του θέση',NULL),(284,4,'Όταν το βλήμα δεν πυροδοτείται',NULL),(285,4,'Όταν η καμπίνα γεμίζει αέρια μετά από πυροδότηση',NULL),(286,4,'Όταν με φυσιολογική υδραυλική πίεση το πυροβόλο δεν ανυψώνεται, τότε',NULL),(287,4,'Όταν το πυροβόλο δεν ανεβαίνει ή κατεβαίνει ομαλά',NULL),(288,4,'Το υδραυλικό σύστημα καμπίνας περιλαμβάνει',NULL),(289,4,'Όταν το υδραυλικό υγρό υπερχειλίζει από το πάνω μέρος της δεξαμενής, τότε',NULL),(290,4,'Όταν ο κύκλος ON/OFF του κυκλώματος του εκκινητήρα της αντλίας είναι γρήγορος ',NULL),(291,4,'Όταν το τροφοδοτικό λειτουργεί συνεχώς όταν ο διακόπτης ισχύος της καμπίνας και ο κύριος διακόπτης είναι στη θέση ΟΝ',NULL),(292,4,'Το συγκρότημα του εμβολέα αποτελείται από ',NULL),(293,4,'Ένας λόγος που μπορεί να κάνει ορισμένα σημεία στον ηλεκτρονόμο του πύργου να κολλάνε είναι:',NULL),(294,4,'Πιθανή απώλεια αζώτου στο συγκρότημα του συσσωρευτή ',NULL),(295,4,'Όταν το χειριστήριο του πυροβολητή δεν επιστρέφει στη νεκρά θέση όταν απελευθερώνεται τότε',NULL),(296,4,'Όταν κανένα ηλεκτρικό εξάρτημα της καμπίνας δεν λειτουργεί ',NULL),(297,4,'Πόσα ελατήρια περιέχονται στον πυροδοτικό μηχανισμό Μ35;',NULL),(298,4,'Ο εξολκέας του κάλυκα βρίσκεται',NULL),(299,4,'Ο επικρουστήρας βρίσκεται',NULL),(300,4,'Ο κορμός του κλείστρου κλειδώνει',NULL),(301,4,'Πόσους δακτυλίους έχει η κεφαλή του κλείστρου;',NULL),(302,4,'Οι εγκοπές των δακτυλίων στην κεφαλή του κλείστρου πρέπει',NULL),(303,4,'Αντικαθιστούμε τον κορμό του κλείστρου όταν',NULL),(304,4,'Στο φορέα του κλείστρου περιέχεται το',NULL),(305,4,'Το κλειδί στρέψης στο συγκρότημα του πυροβόλου Μ185 αντικαθίσταται όταν το πλάτος του είναι',NULL),(306,4,'Το κλειδί στρέψης στο συγκρότημα του πυροβόλου Μ185 αντικαθίσταται όταν το πλάτος του είναι',NULL),(307,4,'Το κλειδί στρέψης στη βάση Μ182 έχει',NULL),(308,4,'Το κλειδί στρέψης στη βάση Μ178 έχει',NULL),(309,4,'Η απόσταση του λειτουργικού κνώδανα από τη διαδρομή του πρέπει να είναι',NULL),(310,4,'Το κάλυμμα πρόσβασης αφαιρείται',NULL),(311,4,'Με τι αέριο φορτίζουμε το συμπληρωτή',NULL),(312,4,'Με τι αέριο φορτίζουμε τους συσσωρευτές του συστήματος οπισθοδρόμησης;',NULL),(313,4,'Οι δεξαμενές ξηρού αζώτου σημειώνονται με',NULL),(314,4,'Αν φορτίσουμε το συμπληρωτή του συσσωρευτή με άλλο αέριο εκτός του αζώτου τότε',NULL),(315,4,'Η αποστράγγιση της κύριας δεξαμενής υδραυλικού υγρού γίνεται',NULL),(316,4,'Όταν η πίεση του υδραυλικού συστήματος είναι 925-1225 PSI τότε η στάθμη του υγρού βρίσκεται στη θέση',NULL),(317,4,'Όταν η πίεση του υδραυλικού υγρού στο σύστημα είναι 925-1225 PSI και η ένδειξη δεν είναι στο FULL AFTER PUMPING τότε',NULL),(318,4,'Όταν το υδραυλικό σύστημα έχει αποφορτιστεί η ένδειξη στο μετρητή πίεση είναι',NULL),(319,4,'Όταν η πίεση του υδραυλικού συστήματος είναι “0” PSI τότε η στάθμη του υγρού βρίσκεται στη θέση',NULL),(320,4,'Τα συστήματα ανύψωσης και περιστροφής φορτίζονται όταν',NULL),(321,4,'Ο ισορροπητής έχει',NULL),(322,4,'Η εξαέρωση του ισορροπητή γίνεται από',NULL),(323,4,'Η εξαέρωση σε ένα υδραυλικό σύστημα έχει τελειώσει όταν',NULL),(324,4,'Για να αντικαταστήσουμε τη βαλβίδα του συμπλέκτη του χειροστροφάλου ο διακόπτης ισχύος της καμπίνας είναι',NULL),(325,4,'Η φόρτιση συσσωρευτών με άζωτο γίνεται από',NULL),(326,4,'Η φόρτιση συσσωρευτών από φιάλες αζώτου βασίζεται  ',NULL),(327,4,'Η χρήση του αζώτου οφείλεται στο γεγονός ότι',NULL),(328,4,'Το σύστημα οπισθοδρόμησης του πυροβόλου βασίζεται',NULL),(329,4,'Το συγκεκριμένο υδραυλικό υγρό των πυροβόλων για τον ελληνικό στρατό είναι το',NULL),(330,4,'Το υδραυλικό υγρό των σύγχρονων πυροβόλων έχει',NULL),(331,4,'Η χρήση μη εγκεκριμένου υδραυλικού ελαίου',NULL),(332,4,'Η επαφή του υδραυλικού υγρού με το δέρμα',NULL),(333,4,'Κατά την πλήρωση συσσωρευτών με άζωτο πρέπει',NULL),(334,4,'Η πλήρωση συσσωρευτών με άζωτο γίνεται από ',NULL),(335,4,'Η μέτρηση της πίεση αζώτου συσσωρευτών γίνεται από ',NULL),(1174,2,'(image)',_binary 'http:\\\\www.google.com');
/*!40000 ALTER TABLE `questions` ENABLE KEYS */;
UNLOCK TABLES;

--
-- Table structure for table `results`
--

DROP TABLE IF EXISTS `results`;
/*!40101 SET @saved_cs_client     = @@character_set_client */;
/*!50503 SET character_set_client = utf8mb4 */;
CREATE TABLE `results` (
  `IDr` int NOT NULL AUTO_INCREMENT,
  `IDu` int NOT NULL,
  `Date` timestamp NOT NULL,
  `ExamGrade` decimal(5,2) NOT NULL,
  `OnJobGrade` decimal(5,2) DEFAULT NULL,
  `OnJobDate` timestamp NULL DEFAULT NULL,
  `FinalGrade` decimal(5,2) GENERATED ALWAYS AS ((`ExamGrade` + `OnJobGrade`)) STORED,
  PRIMARY KEY (`IDr`),
  KEY `IDu1_idx` (`IDu`),
  CONSTRAINT `IDu1` FOREIGN KEY (`IDu`) REFERENCES `users` (`IDu`)
) ENGINE=InnoDB AUTO_INCREMENT=18 DEFAULT CHARSET=utf8mb4 COLLATE=utf8mb4_general_ci;
/*!40101 SET character_set_client = @saved_cs_client */;

--
-- Dumping data for table `results`
--

LOCK TABLES `results` WRITE;
/*!40000 ALTER TABLE `results` DISABLE KEYS */;
INSERT INTO `results` (`IDr`, `IDu`, `Date`, `ExamGrade`, `OnJobGrade`, `OnJobDate`) VALUES (4,3,'2020-06-27 16:26:48',25.00,50.00,'2020-06-27 16:28:44'),(5,1,'2020-06-29 09:29:13',15.00,45.00,'2020-06-29 09:30:04'),(6,2,'2020-06-28 09:00:01',50.00,40.00,'2020-06-29 09:35:41'),(7,6,'2021-06-29 20:09:47',10.00,23.00,'2021-06-29 20:15:46'),(8,7,'2021-06-29 20:11:11',20.00,NULL,NULL),(9,8,'2021-06-29 20:12:22',20.00,25.00,'2021-06-29 20:15:30'),(13,10,'2021-06-30 05:28:44',15.00,NULL,NULL),(14,2,'2021-06-30 06:53:58',10.00,36.67,'2021-06-30 06:55:25'),(17,1,'2021-07-01 08:40:49',15.00,NULL,NULL);
/*!40000 ALTER TABLE `results` ENABLE KEYS */;
UNLOCK TABLES;

--
-- Table structure for table `specialization`
--

DROP TABLE IF EXISTS `specialization`;
/*!40101 SET @saved_cs_client     = @@character_set_client */;
/*!50503 SET character_set_client = utf8mb4 */;
CREATE TABLE `specialization` (
  `IDs` int NOT NULL AUTO_INCREMENT,
  `IDsp` int NOT NULL,
  `specializationcol` varchar(45) CHARACTER SET utf8mb4 COLLATE utf8mb4_general_ci NOT NULL,
  PRIMARY KEY (`IDs`),
  KEY `IDsp2_idx` (`IDsp`),
  CONSTRAINT `IDsp2` FOREIGN KEY (`IDsp`) REFERENCES `specialties` (`IDsp`) ON DELETE RESTRICT ON UPDATE RESTRICT
) ENGINE=InnoDB AUTO_INCREMENT=10 DEFAULT CHARSET=utf8mb4 COLLATE=utf8mb4_general_ci;
/*!40101 SET character_set_client = @saved_cs_client */;

--
-- Dumping data for table `specialization`
--

LOCK TABLES `specialization` WRITE;
/*!40000 ALTER TABLE `specialization` DISABLE KEYS */;
INSERT INTO `specialization` VALUES (1,2,'ΔΚΤΗΣ ΠΥΡΧΙΑΣ'),(2,2,'ΔΚΤΗΣ ΠΔ'),(3,2,'ΗΛΕΚΤΡΟΤΕΧΝΙΤΗΣ ΕΡΠΥΣΤΡΙΟΦΟΡΩΝ (HEO)'),(4,2,'ΜΗΧΑΝΟΥΡΓΟΣ ΠΥΡΛΩΝ');
/*!40000 ALTER TABLE `specialization` ENABLE KEYS */;
UNLOCK TABLES;

--
-- Table structure for table `specialties`
--

DROP TABLE IF EXISTS `specialties`;
/*!40101 SET @saved_cs_client     = @@character_set_client */;
/*!50503 SET character_set_client = utf8mb4 */;
CREATE TABLE `specialties` (
  `IDsp` int NOT NULL AUTO_INCREMENT,
  `specialtiescol` varchar(45) CHARACTER SET utf8mb4 COLLATE utf8mb4_general_ci NOT NULL,
  PRIMARY KEY (`IDsp`)
) ENGINE=InnoDB AUTO_INCREMENT=10 DEFAULT CHARSET=utf8mb4 COLLATE=utf8mb4_general_ci;
/*!40101 SET character_set_client = @saved_cs_client */;

--
-- Dumping data for table `specialties`
--

LOCK TABLES `specialties` WRITE;
/*!40000 ALTER TABLE `specialties` DISABLE KEYS */;
INSERT INTO `specialties` VALUES (1,'ΠΖ'),(2,'ΠΒ'),(3,'ΤΘ'),(4,'ΜΧ'),(5,'ΔΒ'),(6,'ΑΣ'),(7,'ΤΧ'),(8,'ΕΜ'),(9,'ΥΠ');
/*!40000 ALTER TABLE `specialties` ENABLE KEYS */;
UNLOCK TABLES;

--
-- Table structure for table `temp`
--

DROP TABLE IF EXISTS `temp`;
/*!40101 SET @saved_cs_client     = @@character_set_client */;
/*!50503 SET character_set_client = utf8mb4 */;
CREATE TABLE `temp` (
  `idtemp` int NOT NULL AUTO_INCREMENT,
  `IDu` int DEFAULT NULL,
  `IDq` int DEFAULT NULL,
  `IDa` int DEFAULT NULL,
  `exam_started_at` timestamp NULL DEFAULT NULL,
  `u` int DEFAULT NULL,
  `UC` varchar(200) CHARACTER SET utf8mb4 COLLATE utf8mb4_general_ci DEFAULT NULL,
  `result` varchar(200) CHARACTER SET utf8mb4 COLLATE utf8mb4_general_ci DEFAULT NULL,
  `UCI` varchar(200) CHARACTER SET utf8mb4 COLLATE utf8mb4_general_ci DEFAULT NULL,
  PRIMARY KEY (`idtemp`)
) ENGINE=InnoDB AUTO_INCREMENT=887 DEFAULT CHARSET=utf8mb4 COLLATE=utf8mb4_general_ci;
/*!40101 SET character_set_client = @saved_cs_client */;

--
-- Dumping data for table `temp`
--

LOCK TABLES `temp` WRITE;
/*!40000 ALTER TABLE `temp` DISABLE KEYS */;
INSERT INTO `temp` VALUES (631,3,218,792,'2021-06-30 06:48:41',1,'α','Λάθος','1st-option'),(632,3,218,792,'2021-06-30 06:48:41',2,'α','Λάθος','1st-option'),(633,3,160,601,'2021-06-30 06:48:41',2,'β','Λάθος','2nd-option'),(634,3,218,792,'2021-06-30 06:48:41',2,'α','Λάθος','1st-option'),(635,3,160,601,'2021-06-30 06:48:41',2,'β','Λάθος','2nd-option'),(636,3,230,830,'2021-06-30 06:48:41',2,'Δεν δόθηκε απάντηση','Λάθος','undefined'),(637,3,218,792,'2021-06-30 06:48:41',2,'α','Λάθος','1st-option'),(638,3,160,601,'2021-06-30 06:48:41',2,'α','Λάθος','1st-option'),(639,3,230,830,'2021-06-30 06:48:41',2,'Δεν δόθηκε απάντηση','Λάθος','undefined'),(640,3,160,600,'2021-06-30 06:48:41',2,'Δεν δόθηκε απάντηση','Λάθος','undefined'),(641,3,218,792,'2021-06-30 06:48:41',3,'α','Λάθος','1st-option'),(642,3,160,601,'2021-06-30 06:48:41',3,'α','Λάθος','1st-option'),(643,3,230,830,'2021-06-30 06:48:41',3,'γ','Λάθος','3rd-option'),(644,3,160,600,'2021-06-30 06:48:41',3,'Δεν δόθηκε απάντηση','Λάθος','undefined'),(645,3,230,832,'2021-06-30 06:48:41',3,'Δεν δόθηκε απάντηση','Λάθος','undefined'),(646,3,218,792,'2021-06-30 06:48:41',4,'α','Λάθος','1st-option'),(647,3,160,601,'2021-06-30 06:48:41',4,'α','Λάθος','1st-option'),(648,3,230,830,'2021-06-30 06:48:41',4,'γ','Λάθος','3rd-option'),(649,3,160,600,'2021-06-30 06:48:41',4,'γ','Λάθος','3rd-option'),(650,3,230,832,'2021-06-30 06:48:41',4,'Δεν δόθηκε απάντηση','Λάθος','undefined'),(651,3,172,642,'2021-06-30 06:48:41',4,'Δεν δόθηκε απάντηση','Λάθος','undefined'),(652,3,218,792,'2021-06-30 06:48:41',5,'α','Λάθος','1st-option'),(653,3,160,601,'2021-06-30 06:48:41',5,'α','Λάθος','1st-option'),(654,3,230,830,'2021-06-30 06:48:41',5,'γ','Λάθος','3rd-option'),(655,3,160,600,'2021-06-30 06:48:41',5,'γ','Λάθος','3rd-option'),(656,3,230,832,'2021-06-30 06:48:41',5,'γ','Λάθος','3rd-option'),(657,3,172,642,'2021-06-30 06:48:41',5,'Δεν δόθηκε απάντηση','Λάθος','undefined'),(658,3,193,713,'2021-06-30 06:48:41',5,'Δεν δόθηκε απάντηση','Λάθος','undefined'),(659,3,230,830,'2021-06-30 06:48:41',6,'α','Λάθος','1st-option'),(660,3,160,600,'2021-06-30 06:48:41',6,'α','Λάθος','1st-option'),(661,3,230,832,'2021-06-30 06:48:41',6,'γ','Λάθος','3rd-option'),(662,3,172,642,'2021-06-30 06:48:41',6,'γ','Λάθος','3rd-option'),(663,3,193,713,'2021-06-30 06:48:41',6,'γ','Λάθος','3rd-option'),(664,3,-1,-1,'2021-06-30 06:48:41',6,'δ','Λάθος','4th-option'),(665,3,230,830,'2021-06-30 06:48:41',7,'α','Λάθος','1st-option'),(666,3,160,600,'2021-06-30 06:48:41',7,'α','Λάθος','1st-option'),(667,3,230,832,'2021-06-30 06:48:41',7,'γ','Λάθος','3rd-option'),(668,3,172,642,'2021-06-30 06:48:41',7,'γ','Λάθος','3rd-option'),(669,3,193,713,'2021-06-30 06:48:41',7,'γ','Λάθος','3rd-option'),(670,3,-1,-1,'2021-06-30 06:48:41',7,'δ','Λάθος','4th-option'),(671,3,185,685,'2021-06-30 06:48:41',7,'β','Λάθος','2nd-option'),(672,3,230,830,'2021-06-30 06:48:41',7,'α','Λάθος','1st-option'),(673,3,160,600,'2021-06-30 06:48:41',7,'α','Λάθος','1st-option'),(674,3,230,832,'2021-06-30 06:48:41',7,'γ','Λάθος','3rd-option'),(675,3,172,642,'2021-06-30 06:48:41',7,'γ','Λάθος','3rd-option'),(676,3,193,713,'2021-06-30 06:48:41',7,'γ','Λάθος','3rd-option'),(677,3,-1,-1,'2021-06-30 06:48:41',7,'γ','Λάθος','3rd-option'),(678,3,185,685,'2021-06-30 06:48:41',7,'β','Λάθος','2nd-option'),(679,3,257,927,'2021-06-30 06:48:41',7,'Δεν δόθηκε απάντηση','Λάθος','undefined'),(680,3,230,830,'2021-06-30 06:48:41',7,'α','Λάθος','1st-option'),(681,3,160,600,'2021-06-30 06:48:41',7,'α','Λάθος','1st-option'),(682,3,230,832,'2021-06-30 06:48:41',7,'γ','Λάθος','3rd-option'),(683,3,172,642,'2021-06-30 06:48:41',7,'γ','Λάθος','3rd-option'),(684,3,193,713,'2021-06-30 06:48:41',7,'γ','Λάθος','3rd-option'),(685,3,-1,-1,'2021-06-30 06:48:41',7,'γ','Λάθος','3rd-option'),(686,3,185,685,'2021-06-30 06:48:41',7,'β','Λάθος','2nd-option'),(687,3,257,927,'2021-06-30 06:48:41',7,'Δεν δόθηκε απάντηση','Λάθος','undefined'),(688,3,185,685,'2021-06-30 06:48:41',7,'Δεν δόθηκε απάντηση','Λάθος','undefined'),(689,3,230,830,'2021-06-30 06:48:41',8,'α','Λάθος','1st-option'),(690,3,160,600,'2021-06-30 06:48:41',8,'α','Λάθος','1st-option'),(691,3,230,832,'2021-06-30 06:48:41',8,'γ','Λάθος','3rd-option'),(692,3,172,642,'2021-06-30 06:48:41',8,'γ','Λάθος','3rd-option'),(693,3,193,713,'2021-06-30 06:48:41',8,'γ','Λάθος','3rd-option'),(694,3,-1,-1,'2021-06-30 06:48:41',8,'γ','Λάθος','3rd-option'),(695,3,185,685,'2021-06-30 06:48:41',8,'β','Λάθος','2nd-option'),(696,3,257,927,'2021-06-30 06:48:41',8,'γ','Λάθος','3rd-option'),(697,3,185,685,'2021-06-30 06:48:41',8,'Δεν δόθηκε απάντηση','Λάθος','undefined'),(698,3,257,927,'2021-06-30 06:48:41',8,'Δεν δόθηκε απάντηση','Λάθος','undefined'),(850,3,230,832,'2021-06-30 06:48:41',9,'β','Λάθος','2nd-option'),(851,3,172,642,'2021-06-30 06:48:41',9,'α','Λάθος','1st-option'),(852,3,193,713,'2021-06-30 06:48:41',9,'α','Λάθος','1st-option'),(853,3,-1,-1,'2021-06-30 06:48:41',9,'γ','Λάθος','3rd-option'),(854,3,185,685,'2021-06-30 06:48:41',9,'γ','Λάθος','3rd-option'),(855,3,257,927,'2021-06-30 06:48:41',9,'γ','Λάθος','3rd-option'),(856,3,185,685,'2021-06-30 06:48:41',9,'β','Λάθος','2nd-option'),(857,3,257,927,'2021-06-30 06:48:41',9,'γ','Λάθος','3rd-option'),(858,3,185,684,'2021-06-30 06:48:41',9,'α','Λάθος','1st-option');
/*!40000 ALTER TABLE `temp` ENABLE KEYS */;
UNLOCK TABLES;

--
-- Table structure for table `users`
--

DROP TABLE IF EXISTS `users`;
/*!40101 SET @saved_cs_client     = @@character_set_client */;
/*!50503 SET character_set_client = utf8mb4 */;
CREATE TABLE `users` (
  `IDu` int NOT NULL AUTO_INCREMENT,
  `Ranki` varchar(45) CHARACTER SET utf8mb4 COLLATE utf8mb4_0900_ai_ci NOT NULL,
  `IDsp` int NOT NULL,
  `Name` varchar(45) CHARACTER SET utf8mb4 COLLATE utf8mb4_general_ci NOT NULL,
  `Surname` varchar(45) CHARACTER SET utf8mb4 COLLATE utf8mb4_general_ci NOT NULL,
  `FathersName` varchar(45) CHARACTER SET utf8mb4 COLLATE utf8mb4_general_ci NOT NULL,
  `AM` varchar(45) CHARACTER SET utf8mb4 COLLATE utf8mb4_0900_ai_ci NOT NULL,
  `IDs` int NOT NULL,
  `Battalion` varchar(45) CHARACTER SET utf8mb4 COLLATE utf8mb4_general_ci NOT NULL,
  `email` varchar(45) CHARACTER SET utf8mb4 COLLATE utf8mb4_general_ci NOT NULL,
  `role` tinyint(1) unsigned zerofill DEFAULT NULL,
  `username` varchar(45) CHARACTER SET utf8mb4 COLLATE utf8mb4_general_ci NOT NULL,
  `password` varchar(45) CHARACTER SET utf8mb4 COLLATE utf8mb4_general_ci NOT NULL,
  `verification` varchar(45) CHARACTER SET utf8mb4 COLLATE utf8mb4_general_ci NOT NULL,
  `image` blob,
  PRIMARY KEY (`IDu`),
  KEY `IDsp_idx` (`IDsp`),
  KEY `IDs_idx` (`IDs`),
  KEY `IDrole_idx` (`role`),
  CONSTRAINT `IDs1` FOREIGN KEY (`IDs`) REFERENCES `specialization` (`IDs`),
  CONSTRAINT `IDsp1` FOREIGN KEY (`IDsp`) REFERENCES `specialties` (`IDsp`)
) ENGINE=InnoDB AUTO_INCREMENT=16 DEFAULT CHARSET=utf8mb4 COLLATE=utf8mb4_general_ci;
/*!40101 SET character_set_client = @saved_cs_client */;

--
-- Dumping data for table `users`
--

LOCK TABLES `users` WRITE;
/*!40000 ALTER TABLE `users` DISABLE KEYS */;
INSERT INTO `users` VALUES (1,'ΥΠΛΓΟΣ',2,'ΑΝΑΣΤΑΣΙΟΣ','ΚΙΛΙΡΓΙΩΤΗΣ','ΑΠΟΣΤΟΛΟΣ','66094',3,'88 ΜΑ/ΑΠ','anastasios.kilirgiotis@gmail.com',1,'killer','b36d331451a61eb2d76860e00c347396','ΜΥΛΟΧΑΡΑΚΤΗΣ',NULL),(2,'ΥΠΛΓΟΣ',2,'ΕΛΕΥΘΕΡΙΟΣ-ΕΥΘΥΜΙΟΣ','ΣΟΥΦΛΑΣ','ΓΕΩΡΓΙΟΥ','66872',3,'88 ΜΑ/ΑΠ','leftqr@gmail.com',0,'user','1a1dc91c907325c69271ddf0c944bc72','ΝΙΚΟΛΑΚΑΚΟΣ',NULL),(3,'ΥΠΛΓΟΣ',2,'ΠΑΝΑΓΙΩΤΗΣ','ΠΡΙΤΖΗΠΑΣ','ΔΗΜΗΤΡΙΟΥ','66239',4,'88 ΜΑ/ΑΠ','p.d.pritzipas@army.gr',0,'pritzip','9075704161c13ec7fbc277518eabc01c','ΠΑΠΑΔΟΠΟΥΛΟΣ',NULL),(5,'Υπολοχαγός',2,'ΤΕΣΤ','ΤΕΣΤ','ΤΕΣΤ','55555',4,'110 Α/Κ ΜΜΠ','jujucandys6@gmail.com',0,'wferfer','cc03e747a6afbbcbf8be7668acfebee5','Νικος',NULL),(6,'Υπολοχαγός',2,'Μανούσος','Σταθόπουλος','Γεώργιος','67890',4,'88 ΜΑ/ΑΠ','5678J@GMAIL.COM',0,'MANOS1','7760628c8ff611c29910de1b7f48ddff','MANOS',NULL),(7,'Υπολοχαγός',2,'Μανουσος','Σταθοπουλος','Μανος','45678',4,'88 ΜΑ/ΑΠ','5678J@GMAIL.COM',0,'MANOS2','7760628c8ff611c29910de1b7f48ddff','MANOS',NULL),(8,'Λοχαγός',2,'Γεωργιος','Παπαδοπουλος','Μπαμπης','78955',4,'88 ΜΑ/ΑΠ','5678J@GMAIL.COM',0,'MANOS3','7760628c8ff611c29910de1b7f48ddff','MANOS',NULL),(9,'Υπολοχαγός',2,'Χρηστος','Μουτζουρης','ΑΜΠΟΜΠΟ','858585',4,'88 ΜΑ/ΑΠ','anastasios.kilirgiotis@gmail.com',0,'MANOS4','7760628c8ff611c29910de1b7f48ddff','MANOS',NULL),(10,'Αρχιλοχίας',2,'Μανουσος','Μουτζουρης','MANOS','24234234',3,'88 ΜΑ/ΑΠ','5678J@GMAIL.COM',0,'MANOS5','7760628c8ff611c29910de1b7f48ddff','MANOS',NULL),(11,'Λοχίας',2,'Γεωργιος','Σταθοπουλος','Μπαμπης','124234',3,'88 ΜΑ/ΑΠ','anastasios.kilirgiotis@gmail.com',0,'MANOS6','7760628c8ff611c29910de1b7f48ddff','MANOS',NULL),(12,'Ταγματάρχης',2,'Χρηστος','Γιακουμελος','Μπορουνται','12312312',3,'88 ΜΑ/ΑΠ','5678J@GMAIL.COM',0,'MANOS7','7760628c8ff611c29910de1b7f48ddff','MANOS',NULL),(13,'Επιλοχίας',2,'Μανούσος','Παπαδοπουλος','Μπουνταρης','988568',3,'88 ΜΑ/ΑΠ','5678J@GMAIL.COM',0,'MANOS8','7760628c8ff611c29910de1b7f48ddff','MANOS',NULL);
/*!40000 ALTER TABLE `users` ENABLE KEYS */;
UNLOCK TABLES;

--
-- Final view structure for view `apantiseis_kata_erwtisi`
--

/*!50001 DROP VIEW IF EXISTS `apantiseis_kata_erwtisi`*/;
/*!50001 SET @saved_cs_client          = @@character_set_client */;
/*!50001 SET @saved_cs_results         = @@character_set_results */;
/*!50001 SET @saved_col_connection     = @@collation_connection */;
/*!50001 SET character_set_client      = utf8mb4 */;
/*!50001 SET character_set_results     = utf8mb4 */;
/*!50001 SET collation_connection      = utf8mb4_0900_ai_ci */;
/*!50001 CREATE ALGORITHM=UNDEFINED */
/*!50013 DEFINER=`root`@`localhost` SQL SECURITY DEFINER */
/*!50001 VIEW `apantiseis_kata_erwtisi` AS select `q`.`IDq` AS `IDq`,`q`.`IDs` AS `IDs`,`q`.`question` AS `question`,`q`.`image_q` AS `image_q`,`a`.`IDa` AS `IDa`,`a`.`answer` AS `answer`,`a`.`correct` AS `correct`,`a`.`image_a` AS `image_a` from (`questions` `q` join `answers` `a` on((`q`.`IDq` = `a`.`IDq`))) */;
/*!50001 SET character_set_client      = @saved_cs_client */;
/*!50001 SET character_set_results     = @saved_cs_results */;
/*!50001 SET collation_connection      = @saved_col_connection */;

--
-- Final view structure for view `eidik_kata_dnsi`
--

/*!50001 DROP VIEW IF EXISTS `eidik_kata_dnsi`*/;
/*!50001 SET @saved_cs_client          = @@character_set_client */;
/*!50001 SET @saved_cs_results         = @@character_set_results */;
/*!50001 SET @saved_col_connection     = @@collation_connection */;
/*!50001 SET character_set_client      = utf8mb4 */;
/*!50001 SET character_set_results     = utf8mb4 */;
/*!50001 SET collation_connection      = utf8mb4_0900_ai_ci */;
/*!50001 CREATE ALGORITHM=UNDEFINED */
/*!50013 DEFINER=`root`@`localhost` SQL SECURITY DEFINER */
/*!50001 VIEW `eidik_kata_dnsi` AS select `sp`.`IDsp` AS `IDsp`,`sp`.`specialtiescol` AS `specialtiescol`,`s`.`IDs` AS `IDs`,`s`.`specializationcol` AS `specializationcol` from (`specialties` `sp` join `specialization` `s` on((`sp`.`IDsp` = `s`.`IDsp`))) */;
/*!50001 SET character_set_client      = @saved_cs_client */;
/*!50001 SET character_set_results     = @saved_cs_results */;
/*!50001 SET collation_connection      = @saved_col_connection */;

--
-- Final view structure for view `erwtiseis_kat_eidikotita`
--

/*!50001 DROP VIEW IF EXISTS `erwtiseis_kat_eidikotita`*/;
/*!50001 SET @saved_cs_client          = @@character_set_client */;
/*!50001 SET @saved_cs_results         = @@character_set_results */;
/*!50001 SET @saved_col_connection     = @@collation_connection */;
/*!50001 SET character_set_client      = utf8mb4 */;
/*!50001 SET character_set_results     = utf8mb4 */;
/*!50001 SET collation_connection      = utf8mb4_0900_ai_ci */;
/*!50001 CREATE ALGORITHM=UNDEFINED */
/*!50013 DEFINER=`root`@`localhost` SQL SECURITY DEFINER */
/*!50001 VIEW `erwtiseis_kat_eidikotita` AS select `q`.`IDs` AS `IDs`,`q`.`IDq` AS `IDq`,`q`.`question` AS `question`,`q`.`image_q` AS `image_q`,`s`.`IDsp` AS `IDsp`,`s`.`specializationcol` AS `specializationcol` from (`questions` `q` join `specialization` `s` on((`q`.`IDs` = `s`.`IDs`))) */;
/*!50001 SET character_set_client      = @saved_cs_client */;
/*!50001 SET character_set_results     = @saved_cs_results */;
/*!50001 SET collation_connection      = @saved_col_connection */;
/*!40103 SET TIME_ZONE=@OLD_TIME_ZONE */;

/*!40101 SET SQL_MODE=@OLD_SQL_MODE */;
/*!40014 SET FOREIGN_KEY_CHECKS=@OLD_FOREIGN_KEY_CHECKS */;
/*!40014 SET UNIQUE_CHECKS=@OLD_UNIQUE_CHECKS */;
/*!40101 SET CHARACTER_SET_CLIENT=@OLD_CHARACTER_SET_CLIENT */;
/*!40101 SET CHARACTER_SET_RESULTS=@OLD_CHARACTER_SET_RESULTS */;
/*!40101 SET COLLATION_CONNECTION=@OLD_COLLATION_CONNECTION */;
/*!40111 SET SQL_NOTES=@OLD_SQL_NOTES */;

-- Dump completed on 2021-07-01 12:15:01
